path,sector,suffix,size_bytes
src/CIEL_OMEGA_COMPLETE_SYSTEM/CANONICAL_BUILD_MANIFEST.md,CIEL_OMEGA_COMPLETE_SYSTEM,.md,3004
src/CIEL_OMEGA_COMPLETE_SYSTEM/CIEL_MEMORY_SYSTEM/BRAID/ledger/braid_ledger.jsonl,CIEL_OMEGA_COMPLETE_SYSTEM,.jsonl,1009
src/CIEL_OMEGA_COMPLETE_SYSTEM/CIEL_MEMORY_SYSTEM/TSM/ledger/memory_ledger.db,CIEL_OMEGA_COMPLETE_SYSTEM,.db,12288
src/CIEL_OMEGA_COMPLETE_SYSTEM/CIEL_MEMORY_SYSTEM/WPM/wave_snapshots/wave_archive.h5,CIEL_OMEGA_COMPLETE_SYSTEM,.h5,24880
src/CIEL_OMEGA_COMPLETE_SYSTEM/DATA_LAYER_POLICY.md,CIEL_OMEGA_COMPLETE_SYSTEM,.md,2066
src/CIEL_OMEGA_COMPLETE_SYSTEM/MERGE_MANIFEST.md,CIEL_OMEGA_COMPLETE_SYSTEM,.md,846
src/CIEL_OMEGA_COMPLETE_SYSTEM/README.md,CIEL_OMEGA_COMPLETE_SYSTEM,.md,8018
src/CIEL_OMEGA_COMPLETE_SYSTEM/ciel_omega/CIEL_MEMORY_SYSTEM/TSM/ledger/memory_ledger.db,CIEL_OMEGA_COMPLETE_SYSTEM,.db,12288
src/CIEL_OMEGA_COMPLETE_SYSTEM/ciel_omega/HOW_AI_WORKS_WITH_CIEL.md,CIEL_OMEGA_COMPLETE_SYSTEM,.md,14292
src/CIEL_OMEGA_COMPLETE_SYSTEM/ciel_omega/LICENSE,CIEL_OMEGA_COMPLETE_SYSTEM,,5137
src/CIEL_OMEGA_COMPLETE_SYSTEM/ciel_omega/MEMORY_SECTOR_MANIFEST.md,CIEL_OMEGA_COMPLETE_SYSTEM,.md,1030
src/CIEL_OMEGA_COMPLETE_SYSTEM/ciel_omega/README.md,CIEL_OMEGA_COMPLETE_SYSTEM,.md,4463
src/CIEL_OMEGA_COMPLETE_SYSTEM/ciel_omega/README_old.md,CIEL_OMEGA_COMPLETE_SYSTEM,.md,8921
src/CIEL_OMEGA_COMPLETE_SYSTEM/ciel_omega/__init__.py,CIEL_OMEGA_COMPLETE_SYSTEM,.py,424
src/CIEL_OMEGA_COMPLETE_SYSTEM/ciel_omega/bio/__init__.py,CIEL_OMEGA_COMPLETE_SYSTEM,.py,81
src/CIEL_OMEGA_COMPLETE_SYSTEM/ciel_omega/bio/crystal_receiver.py,CIEL_OMEGA_COMPLETE_SYSTEM,.py,1136
src/CIEL_OMEGA_COMPLETE_SYSTEM/ciel_omega/bio/eeg_emotion_mapper.py,CIEL_OMEGA_COMPLETE_SYSTEM,.py,1524
src/CIEL_OMEGA_COMPLETE_SYSTEM/ciel_omega/bio/eeg_processor.py,CIEL_OMEGA_COMPLETE_SYSTEM,.py,1458
src/CIEL_OMEGA_COMPLETE_SYSTEM/ciel_omega/bio/schumann.py,CIEL_OMEGA_COMPLETE_SYSTEM,.py,1392
src/CIEL_OMEGA_COMPLETE_SYSTEM/ciel_omega/bootstrap_runtime.py,CIEL_OMEGA_COMPLETE_SYSTEM,.py,877
src/CIEL_OMEGA_COMPLETE_SYSTEM/ciel_omega/bridge/AGENT.md,CIEL_OMEGA_COMPLETE_SYSTEM,.md,542
src/CIEL_OMEGA_COMPLETE_SYSTEM/ciel_omega/bridge/README.md,CIEL_OMEGA_COMPLETE_SYSTEM,.md,477
src/CIEL_OMEGA_COMPLETE_SYSTEM/ciel_omega/bridge/__init__.py,CIEL_OMEGA_COMPLETE_SYSTEM,.py,54
src/CIEL_OMEGA_COMPLETE_SYSTEM/ciel_omega/bridge/memory_core_phase_bridge.py,CIEL_OMEGA_COMPLETE_SYSTEM,.py,12462
src/CIEL_OMEGA_COMPLETE_SYSTEM/ciel_omega/calibration/__init__.py,CIEL_OMEGA_COMPLETE_SYSTEM,.py,68
src/CIEL_OMEGA_COMPLETE_SYSTEM/ciel_omega/calibration/rcde.py,CIEL_OMEGA_COMPLETE_SYSTEM,.py,2872
src/CIEL_OMEGA_COMPLETE_SYSTEM/ciel_omega/ciel/__init__.py,CIEL_OMEGA_COMPLETE_SYSTEM,.py,395
src/CIEL_OMEGA_COMPLETE_SYSTEM/ciel_omega/ciel/__main__.py,CIEL_OMEGA_COMPLETE_SYSTEM,.py,471
src/CIEL_OMEGA_COMPLETE_SYSTEM/ciel_omega/ciel/cli.py,CIEL_OMEGA_COMPLETE_SYSTEM,.py,1989
src/CIEL_OMEGA_COMPLETE_SYSTEM/ciel_omega/ciel/engine.py,CIEL_OMEGA_COMPLETE_SYSTEM,.py,13632
src/CIEL_OMEGA_COMPLETE_SYSTEM/ciel_omega/ciel/gguf_backends.py,CIEL_OMEGA_COMPLETE_SYSTEM,.py,8776
src/CIEL_OMEGA_COMPLETE_SYSTEM/ciel_omega/ciel/gguf_backends.py.bak,CIEL_OMEGA_COMPLETE_SYSTEM,.bak,7004
src/CIEL_OMEGA_COMPLETE_SYSTEM/ciel_omega/ciel/hf_backends.py,CIEL_OMEGA_COMPLETE_SYSTEM,.py,4589
src/CIEL_OMEGA_COMPLETE_SYSTEM/ciel_omega/ciel/language_backend.py,CIEL_OMEGA_COMPLETE_SYSTEM,.py,514
src/CIEL_OMEGA_COMPLETE_SYSTEM/ciel_omega/ciel/llama_server_backends.py,CIEL_OMEGA_COMPLETE_SYSTEM,.py,11484
src/CIEL_OMEGA_COMPLETE_SYSTEM/ciel_omega/ciel/llm_registry.py,CIEL_OMEGA_COMPLETE_SYSTEM,.py,12548
src/CIEL_OMEGA_COMPLETE_SYSTEM/ciel_omega/ciel/memory/__init__.py,CIEL_OMEGA_COMPLETE_SYSTEM,.py,159
src/CIEL_OMEGA_COMPLETE_SYSTEM/ciel_omega/ciel/memory_prompt_context.py,CIEL_OMEGA_COMPLETE_SYSTEM,.py,2509
src/CIEL_OMEGA_COMPLETE_SYSTEM/ciel_omega/ciel/orbital_memory_governor.py,CIEL_OMEGA_COMPLETE_SYSTEM,.py,6127
src/CIEL_OMEGA_COMPLETE_SYSTEM/ciel_omega/ciel/orbital_memory_loop.py,CIEL_OMEGA_COMPLETE_SYSTEM,.py,12381
src/CIEL_OMEGA_COMPLETE_SYSTEM/ciel_omega/ciel/orbital_memory_persistence.py,CIEL_OMEGA_COMPLETE_SYSTEM,.py,3409
src/CIEL_OMEGA_COMPLETE_SYSTEM/ciel_omega/ciel/orbital_memory_retrieval.py,CIEL_OMEGA_COMPLETE_SYSTEM,.py,6182
src/CIEL_OMEGA_COMPLETE_SYSTEM/ciel_omega/ciel/orbital_sector_memory.py,CIEL_OMEGA_COMPLETE_SYSTEM,.py,7535
src/CIEL_OMEGA_COMPLETE_SYSTEM/ciel_omega/ciel_client.py,CIEL_OMEGA_COMPLETE_SYSTEM,.py,7269
src/CIEL_OMEGA_COMPLETE_SYSTEM/ciel_omega/ciel_inference_surface.py,CIEL_OMEGA_COMPLETE_SYSTEM,.py,7804
src/CIEL_OMEGA_COMPLETE_SYSTEM/ciel_omega/ciel_io/__init__.py,CIEL_OMEGA_COMPLETE_SYSTEM,.py,130
src/CIEL_OMEGA_COMPLETE_SYSTEM/ciel_omega/ciel_io/bootstrap.py,CIEL_OMEGA_COMPLETE_SYSTEM,.py,2350
src/CIEL_OMEGA_COMPLETE_SYSTEM/ciel_omega/ciel_io/reality_logger.py,CIEL_OMEGA_COMPLETE_SYSTEM,.py,832
src/CIEL_OMEGA_COMPLETE_SYSTEM/ciel_omega/ciel_io/simple_loader.py,CIEL_OMEGA_COMPLETE_SYSTEM,.py,1658
src/CIEL_OMEGA_COMPLETE_SYSTEM/ciel_omega/ciel_orchestrator.py,CIEL_OMEGA_COMPLETE_SYSTEM,.py,9457
src/CIEL_OMEGA_COMPLETE_SYSTEM/ciel_omega/ciel_wave/__init__.py,CIEL_OMEGA_COMPLETE_SYSTEM,.py,237
src/CIEL_OMEGA_COMPLETE_SYSTEM/ciel_omega/ciel_wave/fourier_kernel.py,CIEL_OMEGA_COMPLETE_SYSTEM,.py,2809
src/CIEL_OMEGA_COMPLETE_SYSTEM/ciel_omega/cognition/__init__.py,CIEL_OMEGA_COMPLETE_SYSTEM,.py,82
src/CIEL_OMEGA_COMPLETE_SYSTEM/ciel_omega/cognition/decision.py,CIEL_OMEGA_COMPLETE_SYSTEM,.py,1106
src/CIEL_OMEGA_COMPLETE_SYSTEM/ciel_omega/cognition/dissociation.py,CIEL_OMEGA_COMPLETE_SYSTEM,.py,1666
src/CIEL_OMEGA_COMPLETE_SYSTEM/ciel_omega/cognition/introspection.py,CIEL_OMEGA_COMPLETE_SYSTEM,.py,1032
src/CIEL_OMEGA_COMPLETE_SYSTEM/ciel_omega/cognition/intuition.py,CIEL_OMEGA_COMPLETE_SYSTEM,.py,1693
src/CIEL_OMEGA_COMPLETE_SYSTEM/ciel_omega/cognition/orchestrator.py,CIEL_OMEGA_COMPLETE_SYSTEM,.py,2506
src/CIEL_OMEGA_COMPLETE_SYSTEM/ciel_omega/cognition/perception.py,CIEL_OMEGA_COMPLETE_SYSTEM,.py,1076
src/CIEL_OMEGA_COMPLETE_SYSTEM/ciel_omega/cognition/prediction.py,CIEL_OMEGA_COMPLETE_SYSTEM,.py,805
src/CIEL_OMEGA_COMPLETE_SYSTEM/ciel_omega/compute/__init__.py,CIEL_OMEGA_COMPLETE_SYSTEM,.py,121
src/CIEL_OMEGA_COMPLETE_SYSTEM/ciel_omega/compute/gpu_engine.py,CIEL_OMEGA_COMPLETE_SYSTEM,.py,2773
src/CIEL_OMEGA_COMPLETE_SYSTEM/ciel_omega/config/__init__.py,CIEL_OMEGA_COMPLETE_SYSTEM,.py,575
src/CIEL_OMEGA_COMPLETE_SYSTEM/ciel_omega/config/ciel_config.py,CIEL_OMEGA_COMPLETE_SYSTEM,.py,1166
src/CIEL_OMEGA_COMPLETE_SYSTEM/ciel_omega/config/constants.py,CIEL_OMEGA_COMPLETE_SYSTEM,.py,4825
src/CIEL_OMEGA_COMPLETE_SYSTEM/ciel_omega/config/reality_layers.py,CIEL_OMEGA_COMPLETE_SYSTEM,.py,2874
src/CIEL_OMEGA_COMPLETE_SYSTEM/ciel_omega/conftest.py,CIEL_OMEGA_COMPLETE_SYSTEM,.py,238
src/CIEL_OMEGA_COMPLETE_SYSTEM/ciel_omega/constraints/AGENT.md,CIEL_OMEGA_COMPLETE_SYSTEM,.md,525
src/CIEL_OMEGA_COMPLETE_SYSTEM/ciel_omega/constraints/README.md,CIEL_OMEGA_COMPLETE_SYSTEM,.md,460
src/CIEL_OMEGA_COMPLETE_SYSTEM/ciel_omega/constraints/__init__.py,CIEL_OMEGA_COMPLETE_SYSTEM,.py,361
src/CIEL_OMEGA_COMPLETE_SYSTEM/ciel_omega/constraints/euler_constraint.py,CIEL_OMEGA_COMPLETE_SYSTEM,.py,14323
src/CIEL_OMEGA_COMPLETE_SYSTEM/ciel_omega/core/__init__.py,CIEL_OMEGA_COMPLETE_SYSTEM,.py,210
src/CIEL_OMEGA_COMPLETE_SYSTEM/ciel_omega/core/base.py,CIEL_OMEGA_COMPLETE_SYSTEM,.py,712
src/CIEL_OMEGA_COMPLETE_SYSTEM/ciel_omega/core/braid/__init__.py,CIEL_OMEGA_COMPLETE_SYSTEM,.py,676
src/CIEL_OMEGA_COMPLETE_SYSTEM/ciel_omega/core/braid/adapter.py,CIEL_OMEGA_COMPLETE_SYSTEM,.py,2288
src/CIEL_OMEGA_COMPLETE_SYSTEM/ciel_omega/core/braid/defaults.py,CIEL_OMEGA_COMPLETE_SYSTEM,.py,2479
src/CIEL_OMEGA_COMPLETE_SYSTEM/ciel_omega/core/braid/glyphs.py,CIEL_OMEGA_COMPLETE_SYSTEM,.py,1733
src/CIEL_OMEGA_COMPLETE_SYSTEM/ciel_omega/core/braid/loops.py,CIEL_OMEGA_COMPLETE_SYSTEM,.py,661
src/CIEL_OMEGA_COMPLETE_SYSTEM/ciel_omega/core/braid/memory.py,CIEL_OMEGA_COMPLETE_SYSTEM,.py,1406
src/CIEL_OMEGA_COMPLETE_SYSTEM/ciel_omega/core/braid/nonlocal_coupling.py,CIEL_OMEGA_COMPLETE_SYSTEM,.py,30194
src/CIEL_OMEGA_COMPLETE_SYSTEM/ciel_omega/core/braid/phase_field.py,CIEL_OMEGA_COMPLETE_SYSTEM,.py,574
src/CIEL_OMEGA_COMPLETE_SYSTEM/ciel_omega/core/braid/runtime.py,CIEL_OMEGA_COMPLETE_SYSTEM,.py,3480
src/CIEL_OMEGA_COMPLETE_SYSTEM/ciel_omega/core/braid/scars.py,CIEL_OMEGA_COMPLETE_SYSTEM,.py,1651
src/CIEL_OMEGA_COMPLETE_SYSTEM/ciel_omega/core/braid/scheduler.py,CIEL_OMEGA_COMPLETE_SYSTEM,.py,507
src/CIEL_OMEGA_COMPLETE_SYSTEM/ciel_omega/core/math_utils.py,CIEL_OMEGA_COMPLETE_SYSTEM,.py,2408
src/CIEL_OMEGA_COMPLETE_SYSTEM/ciel_omega/core/physics/__init__.py,CIEL_OMEGA_COMPLETE_SYSTEM,.py,65
src/CIEL_OMEGA_COMPLETE_SYSTEM/ciel_omega/core/physics/ciel0_framework.py,CIEL_OMEGA_COMPLETE_SYSTEM,.py,26823
src/CIEL_OMEGA_COMPLETE_SYSTEM/ciel_omega/core/physics/csf_simulator.py,CIEL_OMEGA_COMPLETE_SYSTEM,.py,4420
src/CIEL_OMEGA_COMPLETE_SYSTEM/ciel_omega/core/physics/definite_kernel.py,CIEL_OMEGA_COMPLETE_SYSTEM,.py,12343
src/CIEL_OMEGA_COMPLETE_SYSTEM/ciel_omega/core/physics/reality_expander.py,CIEL_OMEGA_COMPLETE_SYSTEM,.py,979
src/CIEL_OMEGA_COMPLETE_SYSTEM/ciel_omega/core/physics/reality_laws.py,CIEL_OMEGA_COMPLETE_SYSTEM,.py,9860
src/CIEL_OMEGA_COMPLETE_SYSTEM/ciel_omega/core/quantum/__init__.py,CIEL_OMEGA_COMPLETE_SYSTEM,.py,71
src/CIEL_OMEGA_COMPLETE_SYSTEM/ciel_omega/core/quantum/quantum_engine.py,CIEL_OMEGA_COMPLETE_SYSTEM,.py,20430
src/CIEL_OMEGA_COMPLETE_SYSTEM/ciel_omega/core/quantum/quantum_optimiser.py,CIEL_OMEGA_COMPLETE_SYSTEM,.py,1537
src/CIEL_OMEGA_COMPLETE_SYSTEM/ciel_omega/core/quantum/resonance_kernel.py,CIEL_OMEGA_COMPLETE_SYSTEM,.py,1708
src/CIEL_OMEGA_COMPLETE_SYSTEM/ciel_omega/coriolis_cymatics.py,CIEL_OMEGA_COMPLETE_SYSTEM,.py,17184
src/CIEL_OMEGA_COMPLETE_SYSTEM/ciel_omega/demo_ciel_omega_complete.py,CIEL_OMEGA_COMPLETE_SYSTEM,.py,18268
src/CIEL_OMEGA_COMPLETE_SYSTEM/ciel_omega/demo_full_pipeline.py,CIEL_OMEGA_COMPLETE_SYSTEM,.py,25322
src/CIEL_OMEGA_COMPLETE_SYSTEM/ciel_omega/demo_holonomic_orchestrator.py,CIEL_OMEGA_COMPLETE_SYSTEM,.py,3236
src/CIEL_OMEGA_COMPLETE_SYSTEM/ciel_omega/demo_holonomy_eba.py,CIEL_OMEGA_COMPLETE_SYSTEM,.py,11867
src/CIEL_OMEGA_COMPLETE_SYSTEM/ciel_omega/demo_m0_perceptual_memory.py,CIEL_OMEGA_COMPLETE_SYSTEM,.py,1575
src/CIEL_OMEGA_COMPLETE_SYSTEM/ciel_omega/demo_m1_working_memory.py,CIEL_OMEGA_COMPLETE_SYSTEM,.py,1388
src/CIEL_OMEGA_COMPLETE_SYSTEM/ciel_omega/demo_m3_semantic_memory.py,CIEL_OMEGA_COMPLETE_SYSTEM,.py,2932
src/CIEL_OMEGA_COMPLETE_SYSTEM/ciel_omega/demo_m4_procedural_memory.py,CIEL_OMEGA_COMPLETE_SYSTEM,.py,2411
src/CIEL_OMEGA_COMPLETE_SYSTEM/ciel_omega/demo_m5_affective_memory.py,CIEL_OMEGA_COMPLETE_SYSTEM,.py,2367
src/CIEL_OMEGA_COMPLETE_SYSTEM/ciel_omega/demo_m6_identity_memory.py,CIEL_OMEGA_COMPLETE_SYSTEM,.py,10966
src/CIEL_OMEGA_COMPLETE_SYSTEM/ciel_omega/demo_memory_system.py,CIEL_OMEGA_COMPLETE_SYSTEM,.py,13067
src/CIEL_OMEGA_COMPLETE_SYSTEM/ciel_omega/demo_unified_euler.py,CIEL_OMEGA_COMPLETE_SYSTEM,.py,648
src/CIEL_OMEGA_COMPLETE_SYSTEM/ciel_omega/demo_validation_fixes.py,CIEL_OMEGA_COMPLETE_SYSTEM,.py,10250
src/CIEL_OMEGA_COMPLETE_SYSTEM/ciel_omega/demo_vocabulary_resolve.py,CIEL_OMEGA_COMPLETE_SYSTEM,.py,867
src/CIEL_OMEGA_COMPLETE_SYSTEM/ciel_omega/emotion/__init__.py,CIEL_OMEGA_COMPLETE_SYSTEM,.py,84
src/CIEL_OMEGA_COMPLETE_SYSTEM/ciel_omega/emotion/affective_orchestrator.py,CIEL_OMEGA_COMPLETE_SYSTEM,.py,2159
src/CIEL_OMEGA_COMPLETE_SYSTEM/ciel_omega/emotion/cqcl/__init__.py,CIEL_OMEGA_COMPLETE_SYSTEM,.py,327
src/CIEL_OMEGA_COMPLETE_SYSTEM/ciel_omega/emotion/cqcl/cqcl_compiler.py,CIEL_OMEGA_COMPLETE_SYSTEM,.py,286
src/CIEL_OMEGA_COMPLETE_SYSTEM/ciel_omega/emotion/cqcl/cqcl_program.py,CIEL_OMEGA_COMPLETE_SYSTEM,.py,2465
src/CIEL_OMEGA_COMPLETE_SYSTEM/ciel_omega/emotion/cqcl/emotional_collatz.py,CIEL_OMEGA_COMPLETE_SYSTEM,.py,14926
src/CIEL_OMEGA_COMPLETE_SYSTEM/ciel_omega/emotion/cqcl/quantum_engine.py,CIEL_OMEGA_COMPLETE_SYSTEM,.py,3355
src/CIEL_OMEGA_COMPLETE_SYSTEM/ciel_omega/emotion/emotion_core.py,CIEL_OMEGA_COMPLETE_SYSTEM,.py,1638
src/CIEL_OMEGA_COMPLETE_SYSTEM/ciel_omega/emotion/empathic_engine.py,CIEL_OMEGA_COMPLETE_SYSTEM,.py,1028
src/CIEL_OMEGA_COMPLETE_SYSTEM/ciel_omega/emotion/feeling_field.py,CIEL_OMEGA_COMPLETE_SYSTEM,.py,735
src/CIEL_OMEGA_COMPLETE_SYSTEM/ciel_omega/emotion/utils.py,CIEL_OMEGA_COMPLETE_SYSTEM,.py,3223
src/CIEL_OMEGA_COMPLETE_SYSTEM/ciel_omega/ethics/__init__.py,CIEL_OMEGA_COMPLETE_SYSTEM,.py,72
src/CIEL_OMEGA_COMPLETE_SYSTEM/ciel_omega/ethics/ethical_engine.py,CIEL_OMEGA_COMPLETE_SYSTEM,.py,3222
src/CIEL_OMEGA_COMPLETE_SYSTEM/ciel_omega/ethics/ethics_guard.py,CIEL_OMEGA_COMPLETE_SYSTEM,.py,1071
src/CIEL_OMEGA_COMPLETE_SYSTEM/ciel_omega/experiments/__init__.py,CIEL_OMEGA_COMPLETE_SYSTEM,.py,68
src/CIEL_OMEGA_COMPLETE_SYSTEM/ciel_omega/experiments/intentional_tetra_or/__init__.py,CIEL_OMEGA_COMPLETE_SYSTEM,.py,233
src/CIEL_OMEGA_COMPLETE_SYSTEM/ciel_omega/experiments/intentional_tetra_or/dual_tetra_or.py,CIEL_OMEGA_COMPLETE_SYSTEM,.py,15436
src/CIEL_OMEGA_COMPLETE_SYSTEM/ciel_omega/experiments/lab_registry.py,CIEL_OMEGA_COMPLETE_SYSTEM,.py,6124
src/CIEL_OMEGA_COMPLETE_SYSTEM/ciel_omega/ext/README.md,CIEL_OMEGA_COMPLETE_SYSTEM,.md,383
src/CIEL_OMEGA_COMPLETE_SYSTEM/ciel_omega/ext/ext1.py,CIEL_OMEGA_COMPLETE_SYSTEM,.py,2186
src/CIEL_OMEGA_COMPLETE_SYSTEM/ciel_omega/ext/ext10.py,CIEL_OMEGA_COMPLETE_SYSTEM,.py,2835
src/CIEL_OMEGA_COMPLETE_SYSTEM/ciel_omega/ext/ext17.py,CIEL_OMEGA_COMPLETE_SYSTEM,.py,2032
src/CIEL_OMEGA_COMPLETE_SYSTEM/ciel_omega/ext/ext18.py,CIEL_OMEGA_COMPLETE_SYSTEM,.py,3966
src/CIEL_OMEGA_COMPLETE_SYSTEM/ciel_omega/ext/ext19.py,CIEL_OMEGA_COMPLETE_SYSTEM,.py,2319
src/CIEL_OMEGA_COMPLETE_SYSTEM/ciel_omega/ext/ext2.py,CIEL_OMEGA_COMPLETE_SYSTEM,.py,2569
src/CIEL_OMEGA_COMPLETE_SYSTEM/ciel_omega/ext/ext20.py,CIEL_OMEGA_COMPLETE_SYSTEM,.py,2170
src/CIEL_OMEGA_COMPLETE_SYSTEM/ciel_omega/ext/ext21.py,CIEL_OMEGA_COMPLETE_SYSTEM,.py,1493
src/CIEL_OMEGA_COMPLETE_SYSTEM/ciel_omega/ext/ext3.py,CIEL_OMEGA_COMPLETE_SYSTEM,.py,2424
src/CIEL_OMEGA_COMPLETE_SYSTEM/ciel_omega/ext/ext4.py,CIEL_OMEGA_COMPLETE_SYSTEM,.py,1038
src/CIEL_OMEGA_COMPLETE_SYSTEM/ciel_omega/ext/ext5.py,CIEL_OMEGA_COMPLETE_SYSTEM,.py,2173
src/CIEL_OMEGA_COMPLETE_SYSTEM/ciel_omega/ext/ext6.py,CIEL_OMEGA_COMPLETE_SYSTEM,.py,1669
src/CIEL_OMEGA_COMPLETE_SYSTEM/ciel_omega/ext/ext7.py,CIEL_OMEGA_COMPLETE_SYSTEM,.py,3286
src/CIEL_OMEGA_COMPLETE_SYSTEM/ciel_omega/ext/ext8.py,CIEL_OMEGA_COMPLETE_SYSTEM,.py,2388
src/CIEL_OMEGA_COMPLETE_SYSTEM/ciel_omega/ext/ext9.py,CIEL_OMEGA_COMPLETE_SYSTEM,.py,2310
src/CIEL_OMEGA_COMPLETE_SYSTEM/ciel_omega/ext/extemot.py,CIEL_OMEGA_COMPLETE_SYSTEM,.py,2494
src/CIEL_OMEGA_COMPLETE_SYSTEM/ciel_omega/ext/extfwcku.py,CIEL_OMEGA_COMPLETE_SYSTEM,.py,606
src/CIEL_OMEGA_COMPLETE_SYSTEM/ciel_omega/fields/AGENT.md,CIEL_OMEGA_COMPLETE_SYSTEM,.md,510
src/CIEL_OMEGA_COMPLETE_SYSTEM/ciel_omega/fields/README.md,CIEL_OMEGA_COMPLETE_SYSTEM,.md,444
src/CIEL_OMEGA_COMPLETE_SYSTEM/ciel_omega/fields/__init__.py,CIEL_OMEGA_COMPLETE_SYSTEM,.py,269
src/CIEL_OMEGA_COMPLETE_SYSTEM/ciel_omega/fields/aether_field.py,CIEL_OMEGA_COMPLETE_SYSTEM,.py,1180
src/CIEL_OMEGA_COMPLETE_SYSTEM/ciel_omega/fields/intention_field.py,CIEL_OMEGA_COMPLETE_SYSTEM,.py,1708
src/CIEL_OMEGA_COMPLETE_SYSTEM/ciel_omega/fields/psych_field.py,CIEL_OMEGA_COMPLETE_SYSTEM,.py,1387
src/CIEL_OMEGA_COMPLETE_SYSTEM/ciel_omega/fields/sigma_series.py,CIEL_OMEGA_COMPLETE_SYSTEM,.py,1467
src/CIEL_OMEGA_COMPLETE_SYSTEM/ciel_omega/fields/soul_invariant.py,CIEL_OMEGA_COMPLETE_SYSTEM,.py,2034
src/CIEL_OMEGA_COMPLETE_SYSTEM/ciel_omega/fields/unified_sigma_field.py,CIEL_OMEGA_COMPLETE_SYSTEM,.py,1942
src/CIEL_OMEGA_COMPLETE_SYSTEM/ciel_omega/holonomy_cosmic_seismic.py,CIEL_OMEGA_COMPLETE_SYSTEM,.py,20166
src/CIEL_OMEGA_COMPLETE_SYSTEM/ciel_omega/inference/README.md,CIEL_OMEGA_COMPLETE_SYSTEM,.md,282
src/CIEL_OMEGA_COMPLETE_SYSTEM/ciel_omega/inference/__init__.py,CIEL_OMEGA_COMPLETE_SYSTEM,.py,368
src/CIEL_OMEGA_COMPLETE_SYSTEM/ciel_omega/inference/gguf_backend.py,CIEL_OMEGA_COMPLETE_SYSTEM,.py,3219
src/CIEL_OMEGA_COMPLETE_SYSTEM/ciel_omega/inference/middleware.py,CIEL_OMEGA_COMPLETE_SYSTEM,.py,9260
src/CIEL_OMEGA_COMPLETE_SYSTEM/ciel_omega/inference/topology_api.py,CIEL_OMEGA_COMPLETE_SYSTEM,.py,2701
src/CIEL_OMEGA_COMPLETE_SYSTEM/ciel_omega/integration/__init__.py,CIEL_OMEGA_COMPLETE_SYSTEM,.py,77
src/CIEL_OMEGA_COMPLETE_SYSTEM/ciel_omega/integration/information_flow.py,CIEL_OMEGA_COMPLETE_SYSTEM,.py,2732
src/CIEL_OMEGA_COMPLETE_SYSTEM/ciel_omega/llm/ASSET_MANIFEST.md,CIEL_OMEGA_COMPLETE_SYSTEM,.md,428
src/CIEL_OMEGA_COMPLETE_SYSTEM/ciel_omega/llm/adapters/llama_cpp/bin/llama-server,CIEL_OMEGA_COMPLETE_SYSTEM,,12078416
src/CIEL_OMEGA_COMPLETE_SYSTEM/ciel_omega/llm/models/README_EXTERNAL_MODEL.md,CIEL_OMEGA_COMPLETE_SYSTEM,.md,464
src/CIEL_OMEGA_COMPLETE_SYSTEM/ciel_omega/main.py,CIEL_OMEGA_COMPLETE_SYSTEM,.py,210
src/CIEL_OMEGA_COMPLETE_SYSTEM/ciel_omega/mathematics/__init__.py,CIEL_OMEGA_COMPLETE_SYSTEM,.py,79
src/CIEL_OMEGA_COMPLETE_SYSTEM/ciel_omega/mathematics/lie4/__init__.py,CIEL_OMEGA_COMPLETE_SYSTEM,.py,73
src/CIEL_OMEGA_COMPLETE_SYSTEM/ciel_omega/mathematics/lie4/collatz_lie4.py,CIEL_OMEGA_COMPLETE_SYSTEM,.py,1542
src/CIEL_OMEGA_COMPLETE_SYSTEM/ciel_omega/mathematics/lie4/lie4_full.py,CIEL_OMEGA_COMPLETE_SYSTEM,.py,28607
src/CIEL_OMEGA_COMPLETE_SYSTEM/ciel_omega/mathematics/lie4/matrix_engine.py,CIEL_OMEGA_COMPLETE_SYSTEM,.py,1831
src/CIEL_OMEGA_COMPLETE_SYSTEM/ciel_omega/mathematics/paradoxes/__init__.py,CIEL_OMEGA_COMPLETE_SYSTEM,.py,85
src/CIEL_OMEGA_COMPLETE_SYSTEM/ciel_omega/mathematics/paradoxes/paradox_operators.py,CIEL_OMEGA_COMPLETE_SYSTEM,.py,3503
src/CIEL_OMEGA_COMPLETE_SYSTEM/ciel_omega/mathematics/paradoxes/ultimate_operators.py,CIEL_OMEGA_COMPLETE_SYSTEM,.py,64124
src/CIEL_OMEGA_COMPLETE_SYSTEM/ciel_omega/mathematics/safe_operations.py,CIEL_OMEGA_COMPLETE_SYSTEM,.py,4161
src/CIEL_OMEGA_COMPLETE_SYSTEM/ciel_omega/mathematics/universal_law/__init__.py,CIEL_OMEGA_COMPLETE_SYSTEM,.py,98
src/CIEL_OMEGA_COMPLETE_SYSTEM/ciel_omega/mathematics/universal_law/universal_engine.py,CIEL_OMEGA_COMPLETE_SYSTEM,.py,27269
src/CIEL_OMEGA_COMPLETE_SYSTEM/ciel_omega/memory/AGENT.md,CIEL_OMEGA_COMPLETE_SYSTEM,.md,512
src/CIEL_OMEGA_COMPLETE_SYSTEM/ciel_omega/memory/README.md,CIEL_OMEGA_COMPLETE_SYSTEM,.md,446
src/CIEL_OMEGA_COMPLETE_SYSTEM/ciel_omega/memory/__init__.py,CIEL_OMEGA_COMPLETE_SYSTEM,.py,3957
src/CIEL_OMEGA_COMPLETE_SYSTEM/ciel_omega/memory/affective_memory.py,CIEL_OMEGA_COMPLETE_SYSTEM,.py,16193
src/CIEL_OMEGA_COMPLETE_SYSTEM/ciel_omega/memory/affective_types.py,CIEL_OMEGA_COMPLETE_SYSTEM,.py,2976
src/CIEL_OMEGA_COMPLETE_SYSTEM/ciel_omega/memory/audit_journal.py,CIEL_OMEGA_COMPLETE_SYSTEM,.py,12610
src/CIEL_OMEGA_COMPLETE_SYSTEM/ciel_omega/memory/base.py,CIEL_OMEGA_COMPLETE_SYSTEM,.py,9278
src/CIEL_OMEGA_COMPLETE_SYSTEM/ciel_omega/memory/braid_invariant.py,CIEL_OMEGA_COMPLETE_SYSTEM,.py,10000
src/CIEL_OMEGA_COMPLETE_SYSTEM/ciel_omega/memory/coupling.py,CIEL_OMEGA_COMPLETE_SYSTEM,.py,12350
src/CIEL_OMEGA_COMPLETE_SYSTEM/ciel_omega/memory/dynamics.py,CIEL_OMEGA_COMPLETE_SYSTEM,.py,13974
src/CIEL_OMEGA_COMPLETE_SYSTEM/ciel_omega/memory/episodic.py,CIEL_OMEGA_COMPLETE_SYSTEM,.py,12261
src/CIEL_OMEGA_COMPLETE_SYSTEM/ciel_omega/memory/holonomy.py,CIEL_OMEGA_COMPLETE_SYSTEM,.py,12033
src/CIEL_OMEGA_COMPLETE_SYSTEM/ciel_omega/memory/identity_memory.py,CIEL_OMEGA_COMPLETE_SYSTEM,.py,17902
src/CIEL_OMEGA_COMPLETE_SYSTEM/ciel_omega/memory/identity_types.py,CIEL_OMEGA_COMPLETE_SYSTEM,.py,6532
src/CIEL_OMEGA_COMPLETE_SYSTEM/ciel_omega/memory/long_term.py,CIEL_OMEGA_COMPLETE_SYSTEM,.py,1715
src/CIEL_OMEGA_COMPLETE_SYSTEM/ciel_omega/memory/memory_log.py,CIEL_OMEGA_COMPLETE_SYSTEM,.py,1369
src/CIEL_OMEGA_COMPLETE_SYSTEM/ciel_omega/memory/monolith/__init__.py,CIEL_OMEGA_COMPLETE_SYSTEM,.py,467
src/CIEL_OMEGA_COMPLETE_SYSTEM/ciel_omega/memory/monolith/cli.py,CIEL_OMEGA_COMPLETE_SYSTEM,.py,3707
src/CIEL_OMEGA_COMPLETE_SYSTEM/ciel_omega/memory/monolith/data_types.py,CIEL_OMEGA_COMPLETE_SYSTEM,.py,391
src/CIEL_OMEGA_COMPLETE_SYSTEM/ciel_omega/memory/monolith/defaults.py,CIEL_OMEGA_COMPLETE_SYSTEM,.py,517
src/CIEL_OMEGA_COMPLETE_SYSTEM/ciel_omega/memory/monolith/orchestrator.py,CIEL_OMEGA_COMPLETE_SYSTEM,.py,821
src/CIEL_OMEGA_COMPLETE_SYSTEM/ciel_omega/memory/monolith/rules_engine.py,CIEL_OMEGA_COMPLETE_SYSTEM,.py,483
src/CIEL_OMEGA_COMPLETE_SYSTEM/ciel_omega/memory/monolith/tmp_processor.py,CIEL_OMEGA_COMPLETE_SYSTEM,.py,548
src/CIEL_OMEGA_COMPLETE_SYSTEM/ciel_omega/memory/monolith/tsm_storage.py,CIEL_OMEGA_COMPLETE_SYSTEM,.py,384
src/CIEL_OMEGA_COMPLETE_SYSTEM/ciel_omega/memory/monolith/unified_memory.py,CIEL_OMEGA_COMPLETE_SYSTEM,.py,34081
src/CIEL_OMEGA_COMPLETE_SYSTEM/ciel_omega/memory/monolith/wpm_storage.py,CIEL_OMEGA_COMPLETE_SYSTEM,.py,428
src/CIEL_OMEGA_COMPLETE_SYSTEM/ciel_omega/memory/orbital_holonomy.py,CIEL_OMEGA_COMPLETE_SYSTEM,.py,7441
src/CIEL_OMEGA_COMPLETE_SYSTEM/ciel_omega/memory/orchestrator.py,CIEL_OMEGA_COMPLETE_SYSTEM,.py,21285
src/CIEL_OMEGA_COMPLETE_SYSTEM/ciel_omega/memory/orchestrator_types.py,CIEL_OMEGA_COMPLETE_SYSTEM,.py,1658
src/CIEL_OMEGA_COMPLETE_SYSTEM/ciel_omega/memory/perceptual_memory.py,CIEL_OMEGA_COMPLETE_SYSTEM,.py,9497
src/CIEL_OMEGA_COMPLETE_SYSTEM/ciel_omega/memory/perceptual_types.py,CIEL_OMEGA_COMPLETE_SYSTEM,.py,1537
src/CIEL_OMEGA_COMPLETE_SYSTEM/ciel_omega/memory/potential.py,CIEL_OMEGA_COMPLETE_SYSTEM,.py,17256
src/CIEL_OMEGA_COMPLETE_SYSTEM/ciel_omega/memory/procedural_memory.py,CIEL_OMEGA_COMPLETE_SYSTEM,.py,14702
src/CIEL_OMEGA_COMPLETE_SYSTEM/ciel_omega/memory/procedural_types.py,CIEL_OMEGA_COMPLETE_SYSTEM,.py,2851
src/CIEL_OMEGA_COMPLETE_SYSTEM/ciel_omega/memory/semantic_memory.py,CIEL_OMEGA_COMPLETE_SYSTEM,.py,13230
src/CIEL_OMEGA_COMPLETE_SYSTEM/ciel_omega/memory/semantic_types.py,CIEL_OMEGA_COMPLETE_SYSTEM,.py,2710
src/CIEL_OMEGA_COMPLETE_SYSTEM/ciel_omega/memory/synchronizer.py,CIEL_OMEGA_COMPLETE_SYSTEM,.py,700
src/CIEL_OMEGA_COMPLETE_SYSTEM/ciel_omega/memory/working_memory.py,CIEL_OMEGA_COMPLETE_SYSTEM,.py,9430
src/CIEL_OMEGA_COMPLETE_SYSTEM/ciel_omega/memory/working_types.py,CIEL_OMEGA_COMPLETE_SYSTEM,.py,1386
src/CIEL_OMEGA_COMPLETE_SYSTEM/ciel_omega/monolit.py,CIEL_OMEGA_COMPLETE_SYSTEM,.py,9912
src/CIEL_OMEGA_COMPLETE_SYSTEM/ciel_omega/orbital/README.md,CIEL_OMEGA_COMPLETE_SYSTEM,.md,586
src/CIEL_OMEGA_COMPLETE_SYSTEM/ciel_omega/orbital/__init__.py,CIEL_OMEGA_COMPLETE_SYSTEM,.py,364
src/CIEL_OMEGA_COMPLETE_SYSTEM/ciel_omega/orbital/dynamics.py,CIEL_OMEGA_COMPLETE_SYSTEM,.py,9089
src/CIEL_OMEGA_COMPLETE_SYSTEM/ciel_omega/orbital/extract_geometry.py,CIEL_OMEGA_COMPLETE_SYSTEM,.py,13053
src/CIEL_OMEGA_COMPLETE_SYSTEM/ciel_omega/orbital/global_pass.py,CIEL_OMEGA_COMPLETE_SYSTEM,.py,4922
src/CIEL_OMEGA_COMPLETE_SYSTEM/ciel_omega/orbital/metrics.py,CIEL_OMEGA_COMPLETE_SYSTEM,.py,13244
src/CIEL_OMEGA_COMPLETE_SYSTEM/ciel_omega/orbital/model.py,CIEL_OMEGA_COMPLETE_SYSTEM,.py,1425
src/CIEL_OMEGA_COMPLETE_SYSTEM/ciel_omega/orbital/phase_control.py,CIEL_OMEGA_COMPLETE_SYSTEM,.py,2836
src/CIEL_OMEGA_COMPLETE_SYSTEM/ciel_omega/orbital/registry.py,CIEL_OMEGA_COMPLETE_SYSTEM,.py,1712
src/CIEL_OMEGA_COMPLETE_SYSTEM/ciel_omega/orbital/rh_control.py,CIEL_OMEGA_COMPLETE_SYSTEM,.py,4224
src/CIEL_OMEGA_COMPLETE_SYSTEM/ciel_omega/phase_equation_of_motion.py,CIEL_OMEGA_COMPLETE_SYSTEM,.py,35749
src/CIEL_OMEGA_COMPLETE_SYSTEM/ciel_omega/phase_sweep_analysis.py,CIEL_OMEGA_COMPLETE_SYSTEM,.py,9407
src/CIEL_OMEGA_COMPLETE_SYSTEM/ciel_omega/relational_formalism.py,CIEL_OMEGA_COMPLETE_SYSTEM,.py,18337
src/CIEL_OMEGA_COMPLETE_SYSTEM/ciel_omega/requirements.txt,CIEL_OMEGA_COMPLETE_SYSTEM,.txt,472
src/CIEL_OMEGA_COMPLETE_SYSTEM/ciel_omega/resonance/__init__.py,CIEL_OMEGA_COMPLETE_SYSTEM,.py,248
src/CIEL_OMEGA_COMPLETE_SYSTEM/ciel_omega/resonance/multiresonance_tensor.py,CIEL_OMEGA_COMPLETE_SYSTEM,.py,1030
src/CIEL_OMEGA_COMPLETE_SYSTEM/ciel_omega/resonance/resonance_operator.py,CIEL_OMEGA_COMPLETE_SYSTEM,.py,572
src/CIEL_OMEGA_COMPLETE_SYSTEM/ciel_omega/resonance/resonance_parallel.py,CIEL_OMEGA_COMPLETE_SYSTEM,.py,1400
src/CIEL_OMEGA_COMPLETE_SYSTEM/ciel_omega/runtime/AGENT.md,CIEL_OMEGA_COMPLETE_SYSTEM,.md,481
src/CIEL_OMEGA_COMPLETE_SYSTEM/ciel_omega/runtime/README.md,CIEL_OMEGA_COMPLETE_SYSTEM,.md,415
src/CIEL_OMEGA_COMPLETE_SYSTEM/ciel_omega/runtime/__init__.py,CIEL_OMEGA_COMPLETE_SYSTEM,.py,85
src/CIEL_OMEGA_COMPLETE_SYSTEM/ciel_omega/runtime/agent/__init__.py,CIEL_OMEGA_COMPLETE_SYSTEM,.py,89
src/CIEL_OMEGA_COMPLETE_SYSTEM/ciel_omega/runtime/agent/adam_core.py,CIEL_OMEGA_COMPLETE_SYSTEM,.py,20057
src/CIEL_OMEGA_COMPLETE_SYSTEM/ciel_omega/runtime/agent/adam_memory.py,CIEL_OMEGA_COMPLETE_SYSTEM,.py,4703
src/CIEL_OMEGA_COMPLETE_SYSTEM/ciel_omega/runtime/agent/resonance_optimizer.py,CIEL_OMEGA_COMPLETE_SYSTEM,.py,2941
src/CIEL_OMEGA_COMPLETE_SYSTEM/ciel_omega/runtime/backend_adapter.py,CIEL_OMEGA_COMPLETE_SYSTEM,.py,2251
src/CIEL_OMEGA_COMPLETE_SYSTEM/ciel_omega/runtime/controller.py,CIEL_OMEGA_COMPLETE_SYSTEM,.py,1428
src/CIEL_OMEGA_COMPLETE_SYSTEM/ciel_omega/runtime/omega/__init__.py,CIEL_OMEGA_COMPLETE_SYSTEM,.py,69
src/CIEL_OMEGA_COMPLETE_SYSTEM/ciel_omega/runtime/omega/boot_ritual.py,CIEL_OMEGA_COMPLETE_SYSTEM,.py,1504
src/CIEL_OMEGA_COMPLETE_SYSTEM/ciel_omega/runtime/omega/drift_core.py,CIEL_OMEGA_COMPLETE_SYSTEM,.py,1881
src/CIEL_OMEGA_COMPLETE_SYSTEM/ciel_omega/runtime/omega/omega_runtime.py,CIEL_OMEGA_COMPLETE_SYSTEM,.py,2564
src/CIEL_OMEGA_COMPLETE_SYSTEM/ciel_omega/scripts/run_local_gguf_pipeline.py,CIEL_OMEGA_COMPLETE_SYSTEM,.py,2281
src/CIEL_OMEGA_COMPLETE_SYSTEM/ciel_omega/setup.py,CIEL_OMEGA_COMPLETE_SYSTEM,.py,677
src/CIEL_OMEGA_COMPLETE_SYSTEM/ciel_omega/symbolic/__init__.py,CIEL_OMEGA_COMPLETE_SYSTEM,.py,85
src/CIEL_OMEGA_COMPLETE_SYSTEM/ciel_omega/symbolic/glyph_dataset.py,CIEL_OMEGA_COMPLETE_SYSTEM,.py,2038
src/CIEL_OMEGA_COMPLETE_SYSTEM/ciel_omega/symbolic/glyph_interpreter.py,CIEL_OMEGA_COMPLETE_SYSTEM,.py,2764
src/CIEL_OMEGA_COMPLETE_SYSTEM/ciel_omega/symbolic/glyph_pipeline.py,CIEL_OMEGA_COMPLETE_SYSTEM,.py,1310
src/CIEL_OMEGA_COMPLETE_SYSTEM/ciel_omega/symbolic/symbolic_bridge.py,CIEL_OMEGA_COMPLETE_SYSTEM,.py,1356
src/CIEL_OMEGA_COMPLETE_SYSTEM/ciel_omega/test_affective_memory.py,CIEL_OMEGA_COMPLETE_SYSTEM,.py,3517
src/CIEL_OMEGA_COMPLETE_SYSTEM/ciel_omega/test_affective_memory_consolidation.py,CIEL_OMEGA_COMPLETE_SYSTEM,.py,2959
src/CIEL_OMEGA_COMPLETE_SYSTEM/ciel_omega/test_alignment_strengthening.py,CIEL_OMEGA_COMPLETE_SYSTEM,.py,3253
src/CIEL_OMEGA_COMPLETE_SYSTEM/ciel_omega/test_defect_minimization.py,CIEL_OMEGA_COMPLETE_SYSTEM,.py,2462
src/CIEL_OMEGA_COMPLETE_SYSTEM/ciel_omega/test_grid_stability.py,CIEL_OMEGA_COMPLETE_SYSTEM,.py,4556
src/CIEL_OMEGA_COMPLETE_SYSTEM/ciel_omega/test_holonomic_orchestrator.py,CIEL_OMEGA_COMPLETE_SYSTEM,.py,2442
src/CIEL_OMEGA_COMPLETE_SYSTEM/ciel_omega/test_llama_server_backends.py,CIEL_OMEGA_COMPLETE_SYSTEM,.py,1133
src/CIEL_OMEGA_COMPLETE_SYSTEM/ciel_omega/test_m6_1_acceptance.py,CIEL_OMEGA_COMPLETE_SYSTEM,.py,13270
src/CIEL_OMEGA_COMPLETE_SYSTEM/ciel_omega/test_memory_governor_and_prompt.py,CIEL_OMEGA_COMPLETE_SYSTEM,.py,1632
src/CIEL_OMEGA_COMPLETE_SYSTEM/ciel_omega/test_memory_sector_integration.py,CIEL_OMEGA_COMPLETE_SYSTEM,.py,2794
src/CIEL_OMEGA_COMPLETE_SYSTEM/ciel_omega/test_orbital_memory_consolidation_governor.py,CIEL_OMEGA_COMPLETE_SYSTEM,.py,1344
src/CIEL_OMEGA_COMPLETE_SYSTEM/ciel_omega/test_orbital_memory_persistence.py,CIEL_OMEGA_COMPLETE_SYSTEM,.py,925
src/CIEL_OMEGA_COMPLETE_SYSTEM/ciel_omega/test_orbital_memory_retrieval.py,CIEL_OMEGA_COMPLETE_SYSTEM,.py,3911
src/CIEL_OMEGA_COMPLETE_SYSTEM/ciel_omega/test_orbital_rh_control.py,CIEL_OMEGA_COMPLETE_SYSTEM,.py,582
src/CIEL_OMEGA_COMPLETE_SYSTEM/ciel_omega/test_orbital_runtime_loop.py,CIEL_OMEGA_COMPLETE_SYSTEM,.py,3259
src/CIEL_OMEGA_COMPLETE_SYSTEM/ciel_omega/test_orbital_sector_memory_integration.py,CIEL_OMEGA_COMPLETE_SYSTEM,.py,2365
src/CIEL_OMEGA_COMPLETE_SYSTEM/ciel_omega/test_perceptual_memory.py,CIEL_OMEGA_COMPLETE_SYSTEM,.py,3236
src/CIEL_OMEGA_COMPLETE_SYSTEM/ciel_omega/test_perceptual_memory_consolidation.py,CIEL_OMEGA_COMPLETE_SYSTEM,.py,2242
src/CIEL_OMEGA_COMPLETE_SYSTEM/ciel_omega/test_procedural_memory.py,CIEL_OMEGA_COMPLETE_SYSTEM,.py,4320
src/CIEL_OMEGA_COMPLETE_SYSTEM/ciel_omega/test_procedural_memory_consolidation.py,CIEL_OMEGA_COMPLETE_SYSTEM,.py,2835
src/CIEL_OMEGA_COMPLETE_SYSTEM/ciel_omega/test_runtime_policy_integration.py,CIEL_OMEGA_COMPLETE_SYSTEM,.py,2579
src/CIEL_OMEGA_COMPLETE_SYSTEM/ciel_omega/test_semantic_memory.py,CIEL_OMEGA_COMPLETE_SYSTEM,.py,4553
src/CIEL_OMEGA_COMPLETE_SYSTEM/ciel_omega/test_semantic_memory_consolidation.py,CIEL_OMEGA_COMPLETE_SYSTEM,.py,2875
src/CIEL_OMEGA_COMPLETE_SYSTEM/ciel_omega/test_working_memory.py,CIEL_OMEGA_COMPLETE_SYSTEM,.py,3405
src/CIEL_OMEGA_COMPLETE_SYSTEM/ciel_omega/test_working_memory_consolidation.py,CIEL_OMEGA_COMPLETE_SYSTEM,.py,2317
src/CIEL_OMEGA_COMPLETE_SYSTEM/ciel_omega/unified_system.py,CIEL_OMEGA_COMPLETE_SYSTEM,.py,5829
src/CIEL_OMEGA_COMPLETE_SYSTEM/ciel_omega/visualization/__init__.py,CIEL_OMEGA_COMPLETE_SYSTEM,.py,81
src/CIEL_OMEGA_COMPLETE_SYSTEM/ciel_omega/visualization/color_map.py,CIEL_OMEGA_COMPLETE_SYSTEM,.py,1316
src/CIEL_OMEGA_COMPLETE_SYSTEM/ciel_omega/visualization/visual_core.py,CIEL_OMEGA_COMPLETE_SYSTEM,.py,953
src/CIEL_OMEGA_COMPLETE_SYSTEM/ciel_omega/vocabulary.yaml,CIEL_OMEGA_COMPLETE_SYSTEM,.yaml,25129
src/CIEL_OMEGA_COMPLETE_SYSTEM/ciel_omega/vocabulary/AGENT.md,CIEL_OMEGA_COMPLETE_SYSTEM,.md,506
src/CIEL_OMEGA_COMPLETE_SYSTEM/ciel_omega/vocabulary/COMPLETE_DOCUMENTATION.md,CIEL_OMEGA_COMPLETE_SYSTEM,.md,9731
src/CIEL_OMEGA_COMPLETE_SYSTEM/ciel_omega/vocabulary/EXECUTION_SUMMARY.md,CIEL_OMEGA_COMPLETE_SYSTEM,.md,10182
src/CIEL_OMEGA_COMPLETE_SYSTEM/ciel_omega/vocabulary/README.md,CIEL_OMEGA_COMPLETE_SYSTEM,.md,6233
src/CIEL_OMEGA_COMPLETE_SYSTEM/ciel_omega/vocabulary/__init__.py,CIEL_OMEGA_COMPLETE_SYSTEM,.py,2319
src/CIEL_OMEGA_COMPLETE_SYSTEM/ciel_omega/vocabulary/core_concepts.py,CIEL_OMEGA_COMPLETE_SYSTEM,.py,22345
src/CIEL_OMEGA_COMPLETE_SYSTEM/ciel_omega/vocabulary/demo_core_concepts.py,CIEL_OMEGA_COMPLETE_SYSTEM,.py,7990
src/CIEL_OMEGA_COMPLETE_SYSTEM/ciel_omega/vocabulary/extended_concepts.py,CIEL_OMEGA_COMPLETE_SYSTEM,.py,8453
src/CIEL_OMEGA_COMPLETE_SYSTEM/ciel_omega/vocabulary/field_dynamics.py,CIEL_OMEGA_COMPLETE_SYSTEM,.py,12223
src/CIEL_OMEGA_COMPLETE_SYSTEM/ciel_omega/vocabulary/generated/ciel_semantic_glossary.db,CIEL_OMEGA_COMPLETE_SYSTEM,.db,81920
src/CIEL_OMEGA_COMPLETE_SYSTEM/ciel_omega/vocabulary/generated/ciel_semantic_glossary_stats.json,CIEL_OMEGA_COMPLETE_SYSTEM,.json,5075
src/CIEL_OMEGA_COMPLETE_SYSTEM/ciel_omega/vocabulary/generated/ciel_semantic_glossary_stats.md,CIEL_OMEGA_COMPLETE_SYSTEM,.md,2452
src/CIEL_OMEGA_COMPLETE_SYSTEM/ciel_omega/vocabulary/orchestrator.py,CIEL_OMEGA_COMPLETE_SYSTEM,.py,16764
src/CIEL_OMEGA_COMPLETE_SYSTEM/ciel_omega/vocabulary/planetary_archetypes.py,CIEL_OMEGA_COMPLETE_SYSTEM,.py,8523
src/CIEL_OMEGA_COMPLETE_SYSTEM/ciel_omega/vocabulary/test_comprehensive.py,CIEL_OMEGA_COMPLETE_SYSTEM,.py,9307
src/CIEL_OMEGA_COMPLETE_SYSTEM/ciel_omega/vocabulary/test_gguf_pipeline.py,CIEL_OMEGA_COMPLETE_SYSTEM,.py,12256
src/CIEL_OMEGA_COMPLETE_SYSTEM/ciel_omega/vocabulary/transcendent.py,CIEL_OMEGA_COMPLETE_SYSTEM,.py,9504
src/CIEL_OMEGA_COMPLETE_SYSTEM/ciel_omega/vocabulary_tools/__init__.py,CIEL_OMEGA_COMPLETE_SYSTEM,.py,87
src/CIEL_OMEGA_COMPLETE_SYSTEM/ciel_omega/vocabulary_tools/resolver.py,CIEL_OMEGA_COMPLETE_SYSTEM,.py,2561
src/CIEL_OMEGA_COMPLETE_SYSTEM/ciel_omega/vocabulary_tools/symbol_extractor.py,CIEL_OMEGA_COMPLETE_SYSTEM,.py,1701
src/CIEL_OMEGA_COMPLETE_SYSTEM/configs/heuristics_self.json,CIEL_OMEGA_COMPLETE_SYSTEM,.json,221
src/CIEL_OMEGA_COMPLETE_SYSTEM/configs/heuristics_user.json,CIEL_OMEGA_COMPLETE_SYSTEM,.json,255
src/CIEL_OMEGA_COMPLETE_SYSTEM/configs/rules_immutable.json,CIEL_OMEGA_COMPLETE_SYSTEM,.json,150
src/CIEL_OMEGA_COMPLETE_SYSTEM/euler_demo_output.json,CIEL_OMEGA_COMPLETE_SYSTEM,.json,561
src/CIEL_RELATIONAL_MECHANISM_REPO/README.md,CIEL_RELATIONAL_MECHANISM_REPO,.md,595
src/CIEL_RELATIONAL_MECHANISM_REPO/src/ciel_relational_mechanism/__init__.py,CIEL_RELATIONAL_MECHANISM_REPO,.py,13
src/CIEL_RELATIONAL_MECHANISM_REPO/src/ciel_relational_mechanism/sim/__init__.py,CIEL_RELATIONAL_MECHANISM_REPO,.py,81
src/CIEL_RELATIONAL_MECHANISM_REPO/src/ciel_relational_mechanism/sim/phase_toy.py,CIEL_RELATIONAL_MECHANISM_REPO,.py,2762
src/ciel-omega-demo-main/.github/workflows/build_bundles.yml,ciel-omega-demo-main,.yml,1283
src/ciel-omega-demo-main/.gitignore,ciel-omega-demo-main,,135
src/ciel-omega-demo-main/.workload/README.md,ciel-omega-demo-main,.md,6737
src/ciel-omega-demo-main/.workload/cielquantum.py,ciel-omega-demo-main,.py,21933
src/ciel-omega-demo-main/.workload/ext21.py,ciel-omega-demo-main,.py,31853
src/ciel-omega-demo-main/.workload/ext6.py,ciel-omega-demo-main,.py,8395
src/ciel-omega-demo-main/.workload/ext7.py,ciel-omega-demo-main,.py,9877
src/ciel-omega-demo-main/README.md,ciel-omega-demo-main,.md,8833
src/ciel-omega-demo-main/adam_memory.json,ciel-omega-demo-main,.json,547
src/ciel-omega-demo-main/ciel_cli.py,ciel-omega-demo-main,.py,125
src/ciel-omega-demo-main/ciel_omega_app.py,ciel-omega-demo-main,.py,27939
src/ciel-omega-demo-main/docs/INDEX.md,ciel-omega-demo-main,.md,1920
src/ciel-omega-demo-main/docs/OMEGA_COCKPIT_1_0.md,ciel-omega-demo-main,.md,6337
src/ciel-omega-demo-main/docs/analogies/ANALOGY_REGISTRY.md,ciel-omega-demo-main,.md,3370
src/ciel-omega-demo-main/docs/analogies/MNEMONIC_BOOK_FOR_KIDS.md,ciel-omega-demo-main,.md,3601
src/ciel-omega-demo-main/docs/analogies/README.md,ciel-omega-demo-main,.md,1585
src/ciel-omega-demo-main/docs/analogies/TRUTH_ATTRACTOR_ANALOGIES.md,ciel-omega-demo-main,.md,3450
src/ciel-omega-demo-main/docs/index.html,ciel-omega-demo-main,.html,11623
src/ciel-omega-demo-main/docs/orbital_live.html,ciel-omega-demo-main,.html,13725
src/ciel-omega-demo-main/docs/orbital_manifest.json,ciel-omega-demo-main,.json,10614
src/ciel-omega-demo-main/main/Logo1.png,ciel-omega-demo-main,.png,1569593
src/ciel-omega-demo-main/main/__init__.py,ciel-omega-demo-main,.py,0
src/ciel-omega-demo-main/main/adam/__init__.py,ciel-omega-demo-main,.py,415
src/ciel-omega-demo-main/main/adam/core.py,ciel-omega-demo-main,.py,2702
src/ciel-omega-demo-main/main/adam/demo.py,ciel-omega-demo-main,.py,1222
src/ciel-omega-demo-main/main/adam/memory.py,ciel-omega-demo-main,.py,4844
src/ciel-omega-demo-main/main/adam/mission.py,ciel-omega-demo-main,.py,5580
src/ciel-omega-demo-main/main/adam/optimizer.py,ciel-omega-demo-main,.py,2899
src/ciel-omega-demo-main/main/adam/ritual.py,ciel-omega-demo-main,.py,4985
src/ciel-omega-demo-main/main/apps/__init__.py,ciel-omega-demo-main,.py,0
src/ciel-omega-demo-main/main/apps/cli.py,ciel-omega-demo-main,.py,7346
src/ciel-omega-demo-main/main/apps/model_catalog.py,ciel-omega-demo-main,.py,1494
src/ciel-omega-demo-main/main/apps/omega_app.py,ciel-omega-demo-main,.py,83658
src/ciel-omega-demo-main/main/apps/omega_orbital_app.py,ciel-omega-demo-main,.py,29545
src/ciel-omega-demo-main/main/apps/orbital_cockpit.py,ciel-omega-demo-main,.py,11275
src/ciel-omega-demo-main/main/apps/orbital_manifest_export.py,ciel-omega-demo-main,.py,5852
src/ciel-omega-demo-main/main/apps/orbital_panels.py,ciel-omega-demo-main,.py,3916
src/ciel-omega-demo-main/main/cognition/__init__.py,ciel-omega-demo-main,.py,0
src/ciel-omega-demo-main/main/cognition/cognitive_loop.py,ciel-omega-demo-main,.py,6339
src/ciel-omega-demo-main/main/core/__init__.py,ciel-omega-demo-main,.py,0
src/ciel-omega-demo-main/main/core/ciel_constants.py,ciel-omega-demo-main,.py,3515
src/ciel-omega-demo-main/main/core/compute_backend.py,ciel-omega-demo-main,.py,785
src/ciel-omega-demo-main/main/core/config.py,ciel-omega-demo-main,.py,427
src/ciel-omega-demo-main/main/core/enums.py,ciel-omega-demo-main,.py,249
src/ciel-omega-demo-main/main/core/ethics.py,ciel-omega-demo-main,.py,680
src/ciel-omega-demo-main/main/core/glyphs.py,ciel-omega-demo-main,.py,1853
src/ciel-omega-demo-main/main/core/gpu.py,ciel-omega-demo-main,.py,2110
src/ciel-omega-demo-main/main/core/hooks.py,ciel-omega-demo-main,.py,1278
src/ciel-omega-demo-main/main/core/interfaces.py,ciel-omega-demo-main,.py,402
src/ciel-omega-demo-main/main/core/physical.py,ciel-omega-demo-main,.py,750
src/ciel-omega-demo-main/main/core/reality_logger.py,ciel-omega-demo-main,.py,515
src/ciel-omega-demo-main/main/core/sigma.py,ciel-omega-demo-main,.py,646
src/ciel-omega-demo-main/main/emotion/__init__.py,ciel-omega-demo-main,.py,246
src/ciel-omega-demo-main/main/emotion/cqcl.py,ciel-omega-demo-main,.py,4380
src/ciel-omega-demo-main/main/emotion/emotional_collatz.py,ciel-omega-demo-main,.py,11807
src/ciel-omega-demo-main/main/experiments/__init__.py,ciel-omega-demo-main,.py,0
src/ciel-omega-demo-main/main/experiments/lab17.py,ciel-omega-demo-main,.py,5491
src/ciel-omega-demo-main/main/installer_linux.py,ciel-omega-demo-main,.py,1948
src/ciel-omega-demo-main/main/kernels/__init__.py,ciel-omega-demo-main,.py,69
src/ciel-omega-demo-main/main/kernels/ciel0_common.py,ciel-omega-demo-main,.py,3519
src/ciel-omega-demo-main/main/kernels/ciel0_fft.py,ciel-omega-demo-main,.py,747
src/ciel-omega-demo-main/main/kernels/ciel0_framework.py,ciel-omega-demo-main,.py,6833
src/ciel-omega-demo-main/main/kernels/ciel0_nofft.py,ciel-omega-demo-main,.py,421
src/ciel-omega-demo-main/main/kernels/ciel0_state.py,ciel-omega-demo-main,.py,240
src/ciel-omega-demo-main/main/kernels/factory.py,ciel-omega-demo-main,.py,570
src/ciel-omega-demo-main/main/kernels/registry.py,ciel-omega-demo-main,.py,1243
src/ciel-omega-demo-main/main/kernels/unified_reality.py,ciel-omega-demo-main,.py,6367
src/ciel-omega-demo-main/main/omega/__init__.py,ciel-omega-demo-main,.py,0
src/ciel-omega-demo-main/main/omega/batch18.py,ciel-omega-demo-main,.py,9997
src/ciel-omega-demo-main/main/omega/csf2.py,ciel-omega-demo-main,.py,2193
src/ciel-omega-demo-main/main/omega/drift.py,ciel-omega-demo-main,.py,649
src/ciel-omega-demo-main/main/omega/field_ops.py,ciel-omega-demo-main,.py,1750
src/ciel-omega-demo-main/main/omega/rcde.py,ciel-omega-demo-main,.py,478
src/ciel-omega-demo-main/main/omega/runtime20.py,ciel-omega-demo-main,.py,5652
src/ciel-omega-demo-main/main/omega/schumann.py,ciel-omega-demo-main,.py,836
src/ciel-omega-demo-main/main/spectral/__init__.py,ciel-omega-demo-main,.py,189
src/ciel-omega-demo-main/main/spectral/wave12d.py,ciel-omega-demo-main,.py,1489
src/ciel-omega-demo-main/mission_tracker.json,ciel-omega-demo-main,.json,1286
src/ciel-omega-demo-main/pyproject.toml,ciel-omega-demo-main,.toml,753
src/ciel-omega-demo-main/raporty/raport1.md,ciel-omega-demo-main,.md,7244
src/ciel-omega-demo-main/raporty/raport2.md,ciel-omega-demo-main,.md,3957
src/ciel-omega-demo-main/raporty/raport3.md,ciel-omega-demo-main,.md,3555
src/ciel-omega-demo-main/raporty/raport4.md,ciel-omega-demo-main,.md,3784
src/ciel-omega-demo-main/raporty/raport5.md,ciel-omega-demo-main,.md,4648
src/ciel-omega-demo-main/requirements.txt,ciel-omega-demo-main,.txt,116
src/ciel-omega-demo-main/scripts/build_bundle.ps1,ciel-omega-demo-main,.ps1,197
src/ciel-omega-demo-main/scripts/build_bundle.py,ciel-omega-demo-main,.py,1897
src/ciel-omega-demo-main/scripts/build_bundle.sh,ciel-omega-demo-main,.sh,201
src/ciel-omega-demo-main/scripts/build_installer_elf_linux.sh,ciel-omega-demo-main,.sh,855
src/ciel-omega-demo-main/scripts/entry_omega.py,ciel-omega-demo-main,.py,131
src/ciel-omega-demo-main/scripts/entry_omega_runpy.py,ciel-omega-demo-main,.py,113
src/ciel-omega-demo-main/scripts/export_orbital_manifest.sh,ciel-omega-demo-main,.sh,258
src/ciel-omega-demo-main/scripts/install_local.cmd,ciel-omega-demo-main,.cmd,110
src/ciel-omega-demo-main/scripts/install_local.ps1,ciel-omega-demo-main,.ps1,765
src/ciel-omega-demo-main/scripts/install_local.sh,ciel-omega-demo-main,.sh,659
src/ciel-omega-demo-main/scripts/installer_elf_linux.c,ciel-omega-demo-main,.c,12163
src/ciel-omega-demo-main/scripts/run_cli.cmd,ciel-omega-demo-main,.cmd,104
src/ciel-omega-demo-main/scripts/run_cli.ps1,ciel-omega-demo-main,.ps1,319
src/ciel-omega-demo-main/scripts/run_cli.sh,ciel-omega-demo-main,.sh,228
src/ciel-omega-demo-main/scripts/run_orbital_ui.cmd,ciel-omega-demo-main,.cmd,378
src/ciel-omega-demo-main/scripts/run_orbital_ui.ps1,ciel-omega-demo-main,.ps1,458
src/ciel-omega-demo-main/scripts/run_orbital_ui.sh,ciel-omega-demo-main,.sh,345
src/ciel-omega-demo-main/scripts/run_ui.cmd,ciel-omega-demo-main,.cmd,103
src/ciel-omega-demo-main/scripts/run_ui.ps1,ciel-omega-demo-main,.ps1,356
src/ciel-omega-demo-main/scripts/run_ui.sh,ciel-omega-demo-main,.sh,318
src/ciel_rh_control_mini_repo/.gitignore,ciel_rh_control_mini_repo,,72
src/ciel_rh_control_mini_repo/README.md,ciel_rh_control_mini_repo,.md,557
src/ciel_rh_control_mini_repo/ciel_rh_control/__init__.py,ciel_rh_control_mini_repo,.py,147
src/ciel_rh_control_mini_repo/ciel_rh_control/cli.py,ciel_rh_control_mini_repo,.py,847
src/ciel_rh_control_mini_repo/ciel_rh_control/controller.py,ciel_rh_control_mini_repo,.py,1370
src/ciel_rh_control_mini_repo/ciel_rh_control/models.py,ciel_rh_control_mini_repo,.py,744
src/ciel_rh_control_mini_repo/ciel_rh_control/policy.py,ciel_rh_control_mini_repo,.py,2168
src/ciel_rh_control_mini_repo/examples/example_output.json,ciel_rh_control_mini_repo,.json,763
src/ciel_rh_control_mini_repo/pyproject.toml,ciel_rh_control_mini_repo,.toml,307
src/ciel_rh_control_mini_repo/tests/test_controller.py,ciel_rh_control_mini_repo,.py,460
src/ciel_sot_agent/AGENT1.md,ciel_sot_agent,.md,564
src/ciel_sot_agent/SAPIENS_RUNTIME_PATCH.md,ciel_sot_agent,.md,5
src/ciel_sot_agent/__init__.cover,ciel_sot_agent,.cover,107
src/ciel_sot_agent/__init__.py,ciel_sot_agent,.py,72
src/ciel_sot_agent/__main__.py,ciel_sot_agent,.py,2326
src/ciel_sot_agent/_gh_utils.py,ciel_sot_agent,.py,5512
src/ciel_sot_agent/ciel_pipeline.py,ciel_sot_agent,.py,9155
src/ciel_sot_agent/gguf_manager/__init__.py,ciel_sot_agent,.py,214
src/ciel_sot_agent/gguf_manager/cli.py,ciel_sot_agent,.py,3048
src/ciel_sot_agent/gguf_manager/manager.py,ciel_sot_agent,.py,9587
src/ciel_sot_agent/gh_coupling.py,ciel_sot_agent,.py,6697
src/ciel_sot_agent/gh_coupling_v2.py,ciel_sot_agent,.py,8260
src/ciel_sot_agent/gui/__init__.py,ciel_sot_agent,.py,133
src/ciel_sot_agent/gui/app.py,ciel_sot_agent,.py,2830
src/ciel_sot_agent/gui/routes.py,ciel_sot_agent,.py,14110
src/ciel_sot_agent/gui/routes.py.before_identity_override,ciel_sot_agent,.before_identity_override,13649
src/ciel_sot_agent/gui/routes.py.before_identity_patch,ciel_sot_agent,.before_identity_patch,10551
src/ciel_sot_agent/gui/static/script.js,ciel_sot_agent,.js,9339
src/ciel_sot_agent/gui/static/style.css,ciel_sot_agent,.css,14226
src/ciel_sot_agent/gui/templates/base.html,ciel_sot_agent,.html,6590
src/ciel_sot_agent/gui/templates/index.html,ciel_sot_agent,.html,11862
src/ciel_sot_agent/holonomic_normalizer.py,ciel_sot_agent,.py,11655
src/ciel_sot_agent/index_validator.py,ciel_sot_agent,.py,11729
src/ciel_sot_agent/index_validator_v2.py,ciel_sot_agent,.py,12620
src/ciel_sot_agent/local_ciel_surface.py,ciel_sot_agent,.py,6147
src/ciel_sot_agent/orbital_bridge.py,ciel_sot_agent,.py,12592
src/ciel_sot_agent/paths.cover,ciel_sot_agent,.cover,1932
src/ciel_sot_agent/paths.py,ciel_sot_agent,.py,1596
src/ciel_sot_agent/phased_state.py,ciel_sot_agent,.py,6336
src/ciel_sot_agent/repo_phase.cover,ciel_sot_agent,.cover,4342
src/ciel_sot_agent/repo_phase.py,ciel_sot_agent,.py,3523
src/ciel_sot_agent/runtime_evidence_ingest.py,ciel_sot_agent,.py,7870
src/ciel_sot_agent/sapiens_client.py,ciel_sot_agent,.py,9893
src/ciel_sot_agent/sapiens_panel/__init__.py,ciel_sot_agent,.py,295
src/ciel_sot_agent/sapiens_panel/communication.py,ciel_sot_agent,.py,1377
src/ciel_sot_agent/sapiens_panel/controller.py,ciel_sot_agent,.py,6245
src/ciel_sot_agent/sapiens_panel/models.py,ciel_sot_agent,.py,928
src/ciel_sot_agent/sapiens_panel/reduction.py,ciel_sot_agent,.py,2305
src/ciel_sot_agent/sapiens_panel/render_schema.py,ciel_sot_agent,.py,206
src/ciel_sot_agent/sapiens_panel/settings_store.py,ciel_sot_agent,.py,634
src/ciel_sot_agent/sapiens_panel/support.py,ciel_sot_agent,.py,1397
src/ciel_sot_agent/sapiens_surface_policy.py,ciel_sot_agent,.py,1311
src/ciel_sot_agent/satellite_authority.py,ciel_sot_agent,.py,2838
src/ciel_sot_agent/synchronize.cover,ciel_sot_agent,.cover,1102
src/ciel_sot_agent/synchronize.py,ciel_sot_agent,.py,899
src/ciel_sot_agent/synchronize_v2.py,ciel_sot_agent,.py,1763
docs/AGENT1.md,docs,.md,815
docs/ARCHITECTURE.md,docs,.md,2906
docs/CIEL_DESKTOP_FIXED_ATTRIBUTE.md,docs,.md,1750
docs/CIEL_OMEGA_DEMO_INTEGRATION.md,docs,.md,112
docs/CORE_ONLY_PIPELINE_BRANCH.md,docs,.md,1381
docs/DECLARATION_IMPLEMENTATION_MATRIX.md,docs,.md,3535
docs/INDEX.md,docs,.md,9779
docs/INDEX_CANONICAL_V2.md,docs,.md,4217
docs/INDEX_REFACTOR_V2.md,docs,.md,4191
docs/INDEX_V2.md,docs,.md,4100
docs/LOCAL_CIEL_TEST_SURFACE.md,docs,.md,986
docs/LOCAL_INFERENCE_SURFACE.md,docs,.md,563
docs/MASTER_PLAN_4_ALL_AGENTS_ATTENTION.md,docs,.md,8688
docs/MASTER_PLAN_4_ALL_AGENTS_ATTENTION_SPACETIME_ADDENDUM.md,docs,.md,9967
docs/MASTER_PLAN_4_ALL_AGENTS_ATTENTION_SPACETIME_ADDENDUM_V2.md,docs,.md,10447
docs/OMEGA_INTERNAL_INTERFACE_CANON.md,docs,.md,805
docs/OPERATIONS.md,docs,.md,2257
docs/ORBital_INTEGRATION_ADDENDUM.md,docs,.md,1568
docs/Orbitrary shifts.md,docs,.md,8631
docs/PACKAGE_ENTRYPOINT_CANON.md,docs,.md,545
docs/REPOSITORY_GUIDE_HUMAN.md,docs,.md,3871
docs/SATELLITE_AUTHORITY_ENFORCEMENT.md,docs,.md,833
docs/SOURCE_MICRO_AUDIT_V1.md,docs,.md,1806
docs/analogies/AGENT1.md,docs,.md,570
docs/analogies/KEPLER_SUPERFLUID_ANALOGIES.md,docs,.md,3757
docs/analogies/RELATIONAL_ANALOGIES.md,docs,.md,2670
docs/analogies/mentalism6.pdf,docs,.pdf,2516675
docs/architecture/ARCHITECTURE.md,docs,.md,2918
docs/architecture/BRAID_SYSTEM_ARCHITECTURE.md,docs,.md,2426
docs/architecture/CONFLICT_AUDIT_POST_MERGE.md,docs,.md,2490
docs/architecture/DOCS_INDEX_MD_REPLACEMENT.md,docs,.md,478
docs/architecture/FINAL_IN_PLACE_SWITCH_PACKAGE.md,docs,.md,2323
docs/architecture/HYPERSPACE_INDEX_JSON_REPLACEMENT.md,docs,.md,600
docs/architecture/INDEX_REGISTRY_YAML_REPLACEMENT.md,docs,.md,599
docs/architecture/INTEGRATION_PATH_MIGRATION.md,docs,.md,2139
docs/architecture/IN_PLACE_SWITCH_CHECKLIST.md,docs,.md,1298
docs/architecture/LEGACY_MACHINE_MIRROR_POLICY.md,docs,.md,1565
docs/architecture/MACHINE_CANONICALIZATION_PLAN.md,docs,.md,2587
docs/architecture/MACHINE_CANONICALIZATION_PROGRESS.md,docs,.md,1815
docs/architecture/MACHINE_CANONICALIZATION_READINESS.md,docs,.md,1773
docs/architecture/ORBITAL_ARCHITECTURE_CANON.md,docs,.md,3495
docs/architecture/POST_MERGE_RECONCILIATION.md,docs,.md,2344
docs/architecture/README.md,docs,.md,713
docs/architecture/README_MD_REPLACEMENT.md,docs,.md,452
docs/architecture/REPO_GEOMETRY_STATUS.md,docs,.md,1702
docs/architecture/REPO_REFACTOR_PLAN.md,docs,.md,4026
docs/architecture/SATELLITE_AUTHORITY_ENFORCEMENT.md,docs,.md,533
docs/architecture/SATELLITE_SUBSYSTEM_AUTHORITY_CANON.md,docs,.md,4010
docs/architecture/V2_CANONICAL_SWITCH_PLAN.md,docs,.md,4101
docs/architecture/V2_CANONICAL_SWITCH_PROGRESS.md,docs,.md,1372
docs/architecture/V2_CANONICAL_SWITCH_READINESS.md,docs,.md,2201
docs/archive/README.md,docs,.md,564
docs/audits/PASS031_CANON_DEDUP_REPORT.md,docs,.md,1607
docs/audits/PASS032_BASELINE_CERTIFICATION.md,docs,.md,2974
docs/audits/PASS033_HARDENING_REPORT.md,docs,.md,2690
docs/desktop/CIEL0_PROTOCOL_BINDING.md,docs,.md,2554
docs/desktop/CIEL_DESKTOP_BOOTSTRAP_ON_SOT.md,docs,.md,2564
docs/desktop/CIEL_DESKTOP_GLOBAL_BINDING.md,docs,.md,1610
docs/desktop/INDEX.md,docs,.md,1089
docs/gui/CIEL_GUI_IDENTITY_BRIEF_AND_UX_PHILOSOPHY.md,docs,.md,7936
docs/integration/CIEL_OMEGA_DEMO_INTEGRATION.md,docs,.md,889
docs/integration/MACHINE_AUTHORITY_SURFACE.md,docs,.md,1687
docs/integration/ORBITAL_INFRASTRUCTURE_RULES.md,docs,.md,2820
docs/integration/README.md,docs,.md,680
docs/integration/SAPIENS_SURFACE_BINDING.md,docs,.md,4215
docs/object_cards/nonlocal/INDEX.md,docs,.md,360
docs/object_cards/nonlocal/NL-BRIDGE-0003.md,docs,.md,1298
docs/object_cards/nonlocal/NL-EBA-0002.md,docs,.md,1326
docs/object_cards/nonlocal/NL-HOLOMEM-0001.md,docs,.md,1461
docs/object_cards/nonlocal/NL-PHASE-0004.md,docs,.md,1168
docs/object_cards/satellites/INDEX.md,docs,.md,424
docs/object_cards/satellites/SAT-AUDIO-0001.md,docs,.md,1247
docs/object_cards/satellites/SAT-NOEMA-0001.md,docs,.md,1394
docs/object_cards/satellites/SAT-RELMECH-0001.md,docs,.md,1702
docs/object_cards/satellites/SAT-SAPIENS-0001.md,docs,.md,1302
docs/operations/CIEL_REPO_WORKSTYLE_SESSION_HANDOFF.md,docs,.md,7605
docs/operations/DOCUMENTATION_CONSISTENCY_AND_COVERAGE_TODO.md,docs,.md,8595
docs/operations/OFFLINE_DEPENDENCY_BUNDLE_V1.md,docs,.md,3729
docs/operations/OPERATIONS.md,docs,.md,1874
docs/operations/ORBITAL_DYNAMICS_LAW_V0_TODO.md,docs,.md,15251
docs/operations/README.md,docs,.md,452
docs/operations/V2_RUNTIME_ENTRYPOINTS.md,docs,.md,2038
docs/operations/V2_RUNTIME_ENTRYPOINTS_CANONICAL.md,docs,.md,2852
docs/operations/WORKFLOW_GUI_ENERGY_BUDGET_POLICY.md,docs,.md,10773
docs/science/AGENT1.md,docs,.md,732
docs/science/DERIVATION_NOTES.md,docs,.md,2148
docs/science/HEISENBERG_GODEL_SELF_CLOSURE_HYPOTHESIS.md,docs,.md,4760
docs/science/HOLONOMIC_SYSTEM_NORMALIZER_V2.md,docs,.md,4737
docs/science/HYPOTHESES.md,docs,.md,3230
docs/science/PHASED_REPO_STATE_MODEL.md,docs,.md,5318
docs/science/PHASED_SEED_TRAJECTORY_ENCODING.md,docs,.md,3420
docs/science/RELATIONAL_ORBITAL_DYNAMICS_SPEC_V0.md,docs,.md,4903
docs/science/RELATIONAL_SEED_ORBIT_SOLVER_V0.md,docs,.md,6312
integration/AGENT1.md,integration,.md,695
integration/CANONICAL_SWITCH_CHECKLIST.yaml,integration,.yaml,1154
integration/CANONICAL_SWITCH_CHECKLIST_CURRENT.yaml,integration,.yaml,1512
integration/INTEGRATION_DATA_SPLIT_STATUS.md,integration,.md,1583
integration/MACHINE_AUTHORITY_V2.md,integration,.md,1726
integration/MIGRATION_INDEX_V2.md,integration,.md,4297
integration/__init__.py,integration,.py,57
integration/couplings.json,integration,.json,941
integration/couplings/README.md,integration,.md,599
integration/couplings/gh_coupling_state.json,integration,.json,103
integration/couplings/repository_couplings.json,integration,.json,586
integration/fixed_attributes/ciel_desktop_fixed_attribute.json,integration,.json,1114
integration/gh_coupling_state.json,integration,.json,1080
integration/gh_live_registry.json,integration,.json,1211
integration/gh_upstreams.json,integration,.json,1171
integration/hyperspace_index.json,integration,.json,11823
integration/hyperspace_index_orbital.json,integration,.json,3517
integration/imports/audio_orbital_stack/MANIFEST.json,integration,.json,2234
integration/imports/audio_orbital_stack/README.md,integration,.md,2474
integration/imports/audio_orbital_stack/active_pipeline_semantics.csv,integration,.csv,1541
integration/imports/audio_orbital_stack/active_pipeline_semantics.json,integration,.json,3648
integration/imports/audio_orbital_stack/assets_audio_stack.json,integration,.json,2545
integration/imports/audio_orbital_stack/state/audio_orbital_stack_state.json,integration,.json,1667
integration/imports/noema_sapiens_orbital/CONTRACT_CONCORDANCE.json,integration,.json,1723
integration/imports/noema_sapiens_orbital/HOOK_NOTE.txt,integration,.txt,25
integration/imports/noema_sapiens_orbital/MANIFEST.json,integration,.json,1015
integration/imports/noema_sapiens_orbital/README.md,integration,.md,1927
integration/imports/noema_sapiens_orbital/generated/registry_export.noema,integration,.noema,7482069
integration/imports/relational_mechanism/HOW_AI_WORKS_WITH_CIEL.en.md,integration,.md,4623
integration/imports/relational_mechanism/IMPORT_NOTES.md,integration,.md,859
integration/imports/relational_mechanism/MANIFEST.json,integration,.json,1251
integration/imports/relational_mechanism/README.md,integration,.md,920
integration/imports/relational_mechanism/registries/critical_call_graph_internal_v1.csv,integration,.csv,3624
integration/imports/relational_mechanism/registries/critical_call_graph_v1.csv,integration,.csv,15255
integration/imports/relational_mechanism/registries/minimal_closure_function_set.csv,integration,.csv,1283
integration/imports/relational_mechanism/registries/minimal_holonomy_function_set.csv,integration,.csv,760
integration/imports/relational_mechanism/registries/minimal_pairwise_function_set.csv,integration,.csv,870
integration/imports/relational_mechanism/registries/minimal_reduction_memory_function_set.csv,integration,.csv,579
integration/imports/relational_mechanism/registries/next_certainties.csv,integration,.csv,3079
integration/imports/relational_mechanism/registries/source_file_operation_inventory_v1.csv,integration,.csv,728
integration/imports/relational_mechanism/registries/source_function_operation_inventory_v1.csv,integration,.csv,2091
integration/imports/relational_mechanism/registries/source_micro_summary_v1.csv,integration,.csv,889
integration/index_registry.yaml,integration,.yaml,14578
integration/index_registry_orbital.yaml,integration,.yaml,6056
integration/indices/README.md,integration,.md,599
integration/indices/REPOSITORY_MACHINE_MAP.json,integration,.json,1685
integration/indices/hyperspace_index.json,integration,.json,2976
integration/indices/hyperspace_index_orbital.json,integration,.json,2116
integration/indices/hyperspace_index_v2.json,integration,.json,7037
integration/registries/README.md,integration,.md,624
integration/registries/REPOSITORY_MACHINE_MAP.yaml,integration,.yaml,1453
integration/registries/definitions/NEXT_OPERATIONS_QUEUE.md,integration,.md,8641
integration/registries/definitions/ORBITAL_MANYBODY_IMPLEMENTATION_PLAN.md,integration,.md,2136
integration/registries/definitions/ORBITAL_MANYBODY_TODO.md,integration,.md,12218
integration/registries/definitions/PHASE6_AUDIT_SUMMARY.md,integration,.md,5229
integration/registries/definitions/README.md,integration,.md,6904
integration/registries/definitions/audio_orbital_hook_report.json,integration,.json,4249
integration/registries/definitions/db_library/edges_calls.sqlite,integration,.sqlite,2736128
integration/registries/definitions/db_library/edges_contains.sqlite,integration,.sqlite,1769472
integration/registries/definitions/db_library/edges_imports.sqlite,integration,.sqlite,1126400
integration/registries/definitions/db_library/edges_orbital_resonance.sqlite,integration,.sqlite,6959104
integration/registries/definitions/db_library/horizon_policies.sqlite,integration,.sqlite,12288
integration/registries/definitions/db_library/internal_cards.sqlite,integration,.sqlite,10924032
integration/registries/definitions/db_library/manifest.json,integration,.json,2294
integration/registries/definitions/db_library/records.sqlite,integration,.sqlite,10670080
integration/registries/definitions/db_library/reports.sqlite,integration,.sqlite,20480
integration/registries/definitions/db_library/subsystem_sync.sqlite,integration,.sqlite,2932736
integration/registries/definitions/definition_registry.csv,integration,.csv,1409863
integration/registries/definitions/definition_registry.json,integration,.json,2695922
integration/registries/definitions/horizon_policy_matrix.json,integration,.json,3438
integration/registries/definitions/internal_subsystem_cards.json,integration,.json,11929283
integration/registries/definitions/nonlocal_cards_registry.csv,integration,.csv,2637
integration/registries/definitions/nonlocal_cards_registry.json,integration,.json,3644
integration/registries/definitions/nonlocal_definition_edges.json,integration,.json,7477990
integration/registries/definitions/orbital_assignment_report.json,integration,.json,2805
integration/registries/definitions/orbital_card_system_index.yaml,integration,.yaml,2031
integration/registries/definitions/orbital_card_system_integration_manifest.json,integration,.json,2581
integration/registries/definitions/orbital_definition_registry.json,integration,.json,12736132
integration/registries/definitions/subsystem_sync_registry.json,integration,.json,3292442
integration/registries/definitions/subsystem_sync_report.json,integration,.json,384
integration/registries/definitions/verification_report.json,integration,.json,210
integration/registries/index_registry.yaml,integration,.yaml,6991
integration/registries/index_registry_orbital.yaml,integration,.yaml,3924
integration/registries/index_registry_v2.yaml,integration,.yaml,11410
integration/registries/repository_registry.json,integration,.json,945
integration/registries/satellite_subsystem_authority_matrix.csv,integration,.csv,1044
integration/registries/satellite_subsystem_authority_matrix.json,integration,.json,6244
integration/registries/satellite_subsystem_cards.json,integration,.json,6244
integration/reports/AGENT1.md,integration,.md,761
integration/reports/README.md,integration,.md,583
integration/reports/initial_sync_report.json,integration,.json,1412
integration/reports/live_gh_coupling_report.json,integration,.json,2675
integration/reports/orbital_bridge/README.md,integration,.md,475
integration/reports/orbital_bridge/orbital_bridge_report.json,integration,.json,11059
integration/reports/orbital_bridge/orbital_bridge_report.md,integration,.md,3458
integration/reports/orbital_bridge/orbital_health_manifest.json,integration,.json,514
integration/reports/orbital_bridge/orbital_state_manifest.json,integration,.json,652
integration/reports/orbital_bridge/runtime_gating.json,integration,.json,338
integration/reports/orbital_bridge/subsystem_sync_manifest.json,integration,.json,5002
integration/reports/sapiens_client/latest_packet.json,integration,.json,9042
integration/reports/sapiens_client/runtime_gating.json,integration,.json,338
integration/reports/sapiens_client/session.json,integration,.json,8459
integration/reports/sapiens_client/subsystem_sync_manifest.json,integration,.json,5002
integration/reports/sapiens_client/surface_policy.json,integration,.json,303
integration/reports/sapiens_client/transcript.md,integration,.md,88
integration/repository_registry.json,integration,.json,1192
integration/runtime_modes/desktop_runtime_contract.json,integration,.json,441
integration/runtime_modes/runtime_evidence_schema.json,integration,.json,723
integration/runtime_modes/runtime_evidence_template.json,integration,.json,402
integration/sapiens/AGENT1.md,integration,.md,511
integration/sapiens/README.md,integration,.md,758
integration/sapiens/panel_manifest.json,integration,.json,882
integration/sapiens/settings_defaults.json,integration,.json,869
integration/upstreams/AGENT1.md,integration,.md,523
integration/upstreams/README.md,integration,.md,603
integration/upstreams/ciel_omega_demo_inventory.json,integration,.json,753
integration/upstreams/ciel_omega_demo_shell_map.json,integration,.json,2561
integration/upstreams/gh_live_registry.json,integration,.json,995
integration/upstreams/gh_upstreams.json,integration,.json,930
integration/Orbital/AGENT1.md,integration/Orbital,.md,755
integration/Orbital/ARCHITECTURE_BINDING.md,integration/Orbital,.md,1958
integration/Orbital/IMPORT_MANIFEST.json,integration/Orbital,.json,1483
integration/Orbital/IMPORT_MANIFEST_REPAIRED.json,integration/Orbital,.json,1891
integration/Orbital/IMPORT_MANIFEST_V2.md,integration/Orbital,.md,1031
integration/Orbital/INDEX.md,integration/Orbital,.md,2723
integration/Orbital/README.md,integration/Orbital,.md,878
integration/Orbital/__init__.py,integration/Orbital,.py,45
integration/Orbital/main/AGENT1.md,integration/Orbital,.md,538
integration/Orbital/main/README.md,integration/Orbital,.md,1974
integration/Orbital/main/__init__.py,integration/Orbital,.py,706
integration/Orbital/main/bootstrap.py,integration/Orbital,.py,1651
integration/Orbital/main/canonical_tables_v1.xlsx,integration/Orbital,.xlsx,11096
integration/Orbital/main/canonical_tables_v2_only_pewniaki.xlsx,integration/Orbital,.xlsx,12220
integration/Orbital/main/canonical_tables_v3_layers_and_hierarchy.xlsx,integration/Orbital,.xlsx,13836
integration/Orbital/main/data/source/CANONICAL_SOURCE_OF_TRUTH.md,integration/Orbital,.md,381
integration/Orbital/main/docs/AUDIT_REPORT_2026-03-27.md,integration/Orbital,.md,4139
integration/Orbital/main/docs/AUDIT_REPORT_2026-03-27_CONTINUATION.md,integration/Orbital,.md,1913
integration/Orbital/main/docs/CANONICAL_TABLES_V1.md,integration/Orbital,.md,920
integration/Orbital/main/docs/CANONICAL_TABLES_V2_ONLY_PEWNIAKI.md,integration/Orbital,.md,646
integration/Orbital/main/docs/COUPLING_MATRIX.md,integration/Orbital,.md,510
integration/Orbital/main/docs/DOCUMENTATION_CANON.md,integration/Orbital,.md,2026
integration/Orbital/main/docs/DOCUMENTATION_MERGED.md,integration/Orbital,.md,27338
integration/Orbital/main/docs/FORMALISM_V0.md,integration/Orbital,.md,1291
integration/Orbital/main/docs/LAYER_MATRIX_V1.md,integration/Orbital,.md,683
integration/Orbital/main/docs/LOCAL_GGUF_PIPELINE.md,integration/Orbital,.md,1280
integration/Orbital/main/docs/MD_AUDIT_NOTES.md,integration/Orbital,.md,2440
integration/Orbital/main/docs/MECHANISM_SCOPE.md,integration/Orbital,.md,511
integration/Orbital/main/docs/MICRO_OPERATION_INVENTORY_V1.md,integration/Orbital,.md,1886
integration/Orbital/main/docs/MINIMAL_CLOSURE_FUNCTION_SET_V1.md,integration/Orbital,.md,371
integration/Orbital/main/docs/MINIMAL_HOLONOMY_FUNCTION_SET_V1.md,integration/Orbital,.md,299
integration/Orbital/main/docs/MINIMAL_PAIRWISE_FUNCTION_SET_V1.md,integration/Orbital,.md,652
integration/Orbital/main/docs/MINIMAL_REDUCTION_MEMORY_FUNCTION_SET_V1.md,integration/Orbital,.md,303
integration/Orbital/main/docs/NEXT_CERTAINTIES_V1.md,integration/Orbital,.md,1654
integration/Orbital/main/docs/NEXT_CERTAINTIES_V2.md,integration/Orbital,.md,435
integration/Orbital/main/docs/RUNTIME_TARGETS_V0.md,integration/Orbital,.md,482
integration/Orbital/main/docs/TABLE_SCHEMAS.md,integration/Orbital,.md,942
integration/Orbital/main/dynamics.py,integration/Orbital,.py,12548
integration/Orbital/main/extract_geometry.py,integration/Orbital,.py,14431
integration/Orbital/main/global_pass.py,integration/Orbital,.py,11117
integration/Orbital/main/manifests/couplings_global.json,integration/Orbital,.json,495
integration/Orbital/main/manifests/orbital/couplings_global.json,integration/Orbital,.json,521
integration/Orbital/main/manifests/sectors_global.json,integration/Orbital,.json,2318
integration/Orbital/main/metrics.py,integration/Orbital,.py,19567
integration/Orbital/main/micro_operation_inventory_v1.xlsx,integration/Orbital,.xlsx,31494
integration/Orbital/main/minimal_mechanism_function_sets_v13.xlsx,integration/Orbital,.xlsx,12293
integration/Orbital/main/model.py,integration/Orbital,.py,1429
integration/Orbital/main/next_certainties_v1.xlsx,integration/Orbital,.xlsx,24816
integration/Orbital/main/next_certainties_v2.xlsx,integration/Orbital,.xlsx,13972
integration/Orbital/main/phase_control.py,integration/Orbital,.py,6048
integration/Orbital/main/pyproject.toml,integration/Orbital,.toml,206
integration/Orbital/main/references/manual_uploads/Derivation of tau_i.pdf,integration/Orbital,.pdf,193894
integration/Orbital/main/references/manual_uploads/Docs.md,integration/Orbital,.md,56
integration/Orbital/main/references/manual_uploads/F_berry_monopole.csv,integration/Orbital,.csv,2227
integration/Orbital/main/references/manual_uploads/F_calibrated_beta.csv,integration/Orbital,.csv,2227
integration/Orbital/main/references/manual_uploads/Lambda_meta.pdf,integration/Orbital,.pdf,302370
integration/Orbital/main/references/manual_uploads/Metatime_with_Euler_extension (8).pdf,integration/Orbital,.pdf,274916
integration/Orbital/main/references/manual_uploads/Perfect_numbers_and_rhe_strings.pdf,integration/Orbital,.pdf,300508
integration/Orbital/main/references/manual_uploads/Sigma (1).pdf,integration/Orbital,.pdf,441089
integration/Orbital/main/references/manual_uploads/Sigma.pdf,integration/Orbital,.pdf,221758
integration/Orbital/main/references/manual_uploads/System OrchORbital_260326_120240.txt,integration/Orbital,.txt,68727
integration/Orbital/main/references/manual_uploads/beta_fit_check.csv,integration/Orbital,.csv,177
integration/Orbital/main/references/manual_uploads/fa00b095.md,integration/Orbital,.md,13152
integration/Orbital/main/references/manual_uploads/hadron_F_results.csv,integration/Orbital,.csv,250
integration/Orbital/main/references/manual_uploads/interpretation.md,integration/Orbital,.md,2990
integration/Orbital/main/references/manual_uploads/paradoxes.py,integration/Orbital,.py,66464
integration/Orbital/main/references/manual_uploads/parlie4.py,integration/Orbital,.py,47857
integration/Orbital/main/registries/bridge_file_ranking.csv,integration/Orbital,.csv,2599
integration/Orbital/main/registries/canonical_couplings.csv,integration/Orbital,.csv,1713
integration/Orbital/main/registries/canonical_couplings_only_pewniaki.csv,integration/Orbital,.csv,1824
integration/Orbital/main/registries/canonical_dependency_tables.csv,integration/Orbital,.csv,1024
integration/Orbital/main/registries/canonical_dependency_tables_only_pewniaki.csv,integration/Orbital,.csv,1115
integration/Orbital/main/registries/canonical_symbol_runtime_pipeline.csv,integration/Orbital,.csv,2992
integration/Orbital/main/registries/canonical_symbol_runtime_pipeline_only_pewniaki.csv,integration/Orbital,.csv,2179
integration/Orbital/main/registries/coupling_matrix.csv,integration/Orbital,.csv,1561
integration/Orbital/main/registries/critical_closure_chain_files.csv,integration/Orbital,.csv,1721
integration/Orbital/main/registries/emergent_values.csv,integration/Orbital,.csv,758
integration/Orbital/main/registries/emergent_values_only_pewniaki.csv,integration/Orbital,.csv,606
integration/Orbital/main/registries/file_file_matrix_only_pewniaki.csv,integration/Orbital,.csv,15708
integration/Orbital/main/registries/file_operation_inventory_v1.csv,integration/Orbital,.csv,488
integration/Orbital/main/registries/formal_symbols.csv,integration/Orbital,.csv,998
integration/Orbital/main/registries/formal_symbols_only_pewniaki.csv,integration/Orbital,.csv,1138
integration/Orbital/main/registries/function_operation_inventory_v1.csv,integration/Orbital,.csv,13343
integration/Orbital/main/registries/layer_coupling_matrix_only_pewniaki.csv,integration/Orbital,.csv,1125
integration/Orbital/main/registries/micro_next_certainties_v1.csv,integration/Orbital,.csv,1299
integration/Orbital/main/registries/minimal_closure_function_context.csv,integration/Orbital,.csv,505
integration/Orbital/main/registries/minimal_closure_function_set.csv,integration/Orbital,.csv,1290
integration/Orbital/main/registries/minimal_closure_summary.csv,integration/Orbital,.csv,269
integration/Orbital/main/registries/minimal_holonomy_function_context.csv,integration/Orbital,.csv,669
integration/Orbital/main/registries/minimal_holonomy_function_set.csv,integration/Orbital,.csv,764
integration/Orbital/main/registries/minimal_holonomy_summary.csv,integration/Orbital,.csv,235
integration/Orbital/main/registries/minimal_operation_kernel_v1.csv,integration/Orbital,.csv,159
integration/Orbital/main/registries/minimal_pairwise_function_context.csv,integration/Orbital,.csv,459
integration/Orbital/main/registries/minimal_pairwise_function_set.csv,integration/Orbital,.csv,875
integration/Orbital/main/registries/minimal_pairwise_summary.csv,integration/Orbital,.csv,253
integration/Orbital/main/registries/minimal_pipeline_file_set.csv,integration/Orbital,.csv,1026
integration/Orbital/main/registries/minimal_reduction_memory_function_context.csv,integration/Orbital,.csv,578
integration/Orbital/main/registries/minimal_reduction_memory_function_set.csv,integration/Orbital,.csv,583
integration/Orbital/main/registries/minimal_reduction_memory_summary.csv,integration/Orbital,.csv,270
integration/Orbital/main/registries/next_certainties.csv,integration/Orbital,.csv,3108
integration/Orbital/main/registries/operation_graph_edges_v1.csv,integration/Orbital,.csv,66847
integration/Orbital/main/registries/orchestrator_graph_edges.csv,integration/Orbital,.csv,245
integration/Orbital/main/registries/orchestrator_hierarchy_only_pewniaki.csv,integration/Orbital,.csv,1086
integration/Orbital/main/registries/phase_couplings.csv,integration/Orbital,.csv,837
integration/Orbital/main/registries/runtime_bridge_files.csv,integration/Orbital,.csv,2422
integration/Orbital/main/registries/runtime_file_symbol_hits.csv,integration/Orbital,.csv,17605
integration/Orbital/main/registries/runtime_files.csv,integration/Orbital,.csv,22205
integration/Orbital/main/registries/runtime_functions.csv,integration/Orbital,.csv,155488
integration/Orbital/main/registries/runtime_mechanical_density.csv,integration/Orbital,.csv,10837
integration/Orbital/main/registries/runtime_pair_coupling_classes.csv,integration/Orbital,.csv,502
integration/Orbital/main/registries/runtime_symbol_function_targets.csv,integration/Orbital,.csv,29719
integration/Orbital/main/registries/runtime_symbol_targets.csv,integration/Orbital,.csv,3441
integration/Orbital/main/registries/runtime_topology_metrics.csv,integration/Orbital,.csv,18697
integration/Orbital/main/registries/scc_components_only_pewniaki.csv,integration/Orbital,.csv,249
integration/Orbital/main/registries/symbol_symbol_matrix_only_pewniaki.csv,integration/Orbital,.csv,1195
integration/Orbital/main/registries/symbol_to_runtime_map.csv,integration/Orbital,.csv,740
integration/Orbital/main/registries/toy_sim_history.csv,integration/Orbital,.csv,1049
integration/Orbital/main/registry.py,integration/Orbital,.py,1443
integration/Orbital/main/reports/README.md,integration/Orbital,.md,462
integration/Orbital/main/reports/global_orbital_coherence_pass/demo/real_geometry.json,integration/Orbital,.json,5859
integration/Orbital/main/reports/global_orbital_coherence_pass/demo/summary.json,integration/Orbital,.json,7347
integration/Orbital/main/reports/global_orbital_coherence_pass/demo/summary.md,integration/Orbital,.md,1504
integration/Orbital/main/reports/global_orbital_coherence_pass/dialogue/real_geometry.json,integration/Orbital,.json,5859
integration/Orbital/main/reports/global_orbital_coherence_pass/dialogue/summary.json,integration/Orbital,.json,7356
integration/Orbital/main/reports/global_orbital_coherence_pass/dialogue/summary.md,integration/Orbital,.md,1508
integration/Orbital/main/reports/global_orbital_coherence_pass/orbital_smoke/real_geometry.json,integration/Orbital,.json,5859
integration/Orbital/main/reports/global_orbital_coherence_pass/orbital_smoke/summary.json,integration/Orbital,.json,7371
integration/Orbital/main/reports/global_orbital_coherence_pass/orbital_smoke/summary.md,integration/Orbital,.md,1513
integration/Orbital/main/reports/global_orbital_coherence_pass/orbital_test/summary.json,integration/Orbital,.json,7347
integration/Orbital/main/reports/global_orbital_coherence_pass/orbital_test/summary.md,integration/Orbital,.md,1512
integration/Orbital/main/reports/global_orbital_coherence_pass/pytest/real_geometry.json,integration/Orbital,.json,5859
integration/Orbital/main/reports/global_orbital_coherence_pass/pytest/summary.json,integration/Orbital,.json,6505
integration/Orbital/main/reports/global_orbital_coherence_pass/pytest/summary.md,integration/Orbital,.md,1507
integration/Orbital/main/reports/global_orbital_coherence_pass/real_geometry.json,integration/Orbital,.json,3215
integration/Orbital/main/reports/global_orbital_coherence_pass/research/real_geometry.json,integration/Orbital,.json,5859
integration/Orbital/main/reports/global_orbital_coherence_pass/research/summary.json,integration/Orbital,.json,7358
integration/Orbital/main/reports/global_orbital_coherence_pass/research/summary.md,integration/Orbital,.md,1508
integration/Orbital/main/reports/global_orbital_coherence_pass/retrieval_test/summary.json,integration/Orbital,.json,7349
integration/Orbital/main/reports/global_orbital_coherence_pass/retrieval_test/summary.md,integration/Orbital,.md,1514
integration/Orbital/main/reports/global_orbital_coherence_pass/runtime/summary.json,integration/Orbital,.json,7339
integration/Orbital/main/reports/global_orbital_coherence_pass/runtime/summary.md,integration/Orbital,.md,1507
integration/Orbital/main/reports/global_orbital_coherence_pass/safety/real_geometry.json,integration/Orbital,.json,5859
integration/Orbital/main/reports/global_orbital_coherence_pass/safety/summary.json,integration/Orbital,.json,5199
integration/Orbital/main/reports/global_orbital_coherence_pass/safety/summary.md,integration/Orbital,.md,1504
integration/Orbital/main/reports/global_orbital_coherence_pass/summary.json,integration/Orbital,.json,29996
integration/Orbital/main/reports/global_orbital_coherence_pass/summary.md,integration/Orbital,.md,2633
integration/Orbital/main/rh_control.py,integration/Orbital,.py,6651
integration/Orbital/main/scripts/build_runtime_inventory.py,integration/Orbital,.py,5322
integration/Orbital/main/scripts/run_toy_sim.py,integration/Orbital,.py,921
integration/Orbital/main/scripts/seed_formal_symbols.py,integration/Orbital,.py,6601
integration/Orbital/main/snapshots/SNAPSHOT_2026-03-26_v2.json,integration/Orbital,.json,468
integration/Orbital/main/snapshots/SNAPSHOT_2026-03-26_v3.json,integration/Orbital,.json,474
integration/Orbital/main/snapshots/SNAPSHOT_2026-03-26_v4.json,integration/Orbital,.json,547
integration/Orbital/main/snapshots/SNAPSHOT_2026-03-26_v5.json,integration/Orbital,.json,748
integration/Orbital/main/snapshots/SNAPSHOT_2026-03-26_v7.json,integration/Orbital,.json,465
integration/Orbital/main/snapshots/SNAPSHOT_2026-03-27_v13.json,integration/Orbital,.json,1145
integration/Orbital/main/snapshots/SNAPSHOT_2026-03-27_v16.json,integration/Orbital,.json,718
integration/Orbital/main/snapshots/SNAPSHOT_2026-03-27_v8.json,integration/Orbital,.json,605
integration/Orbital/main/snapshots/SNAPSHOT_2026-03-27_v9.json,integration/Orbital,.json,638
integration/Orbital/main/src/CANONICAL_RELMECH_SOURCE.md,integration/Orbital,.md,288
.github/AGENT1.md,other,.md,719
.github/agents/my-agent.agent.md,other,.md,7691
.github/workflows/AGENT1.md,other,.md,878
.github/workflows/README.md,other,.md,1333
.github/workflows/ci.yml,other,.yml,655
.github/workflows/gh_repo_coupling.yml,other,.yml,1095
.github/workflows/package.yml,other,.yml,5323
.github/workflows/runtime_pipeline.yml,other,.yml,1182
.gitignore,other,,1171
AGENT.md,other,.md,2905
CHANGELOG.md,other,.md,767
LaTeX/orbital_index/relational_seed_orbit_solver_v0.tex,other,.tex,910
README.md,other,.md,4395
README_CANONICAL_V2.md,other,.md,2926
README_REFACTOR_V2.md,other,.md,2410
REPOSITORY_STRUCTURE_NOTES.md,other,.md,1092
VERSION,other,,6
_backup_canon_fix_20260413_004811/routes.py.bak,other,.bak,14062
_backup_canon_fix_20260413_005048/routes.py.bak,other,.bak,14110
_backup_canon_fix_20260413_005147/routes.py.bak,other,.bak,14110
_backup_canon_fix_20260413_005201/routes.py.bak,other,.bak,14110
agentcrossinfo.md,other,.md,4918
ciel_sot_agent.egg-info/PKG-INFO,other,,5197
ciel_sot_agent.egg-info/SOURCES.txt,other,.txt,19407
ciel_sot_agent.egg-info/dependency_links.txt,other,.txt,1
ciel_sot_agent.egg-info/entry_points.txt,other,.txt,795
ciel_sot_agent.egg-info/requires.txt,other,.txt,169
ciel_sot_agent.egg-info/top_level.txt,other,.txt,27
conftest.py,other,.py,535
contracts/AUDIT_SCHEMA.yaml,other,.yaml,1979
contracts/CIEL_ETHICS_AND_SEMANTIC_ACTION_ALGORITHM.md,other,.md,2554
contracts/IMMUTABILITY_POLICY.md,other,.md,1178
contracts/PRODUCTION_READINESS_PROTOCOL.md,other,.md,2956
contracts/SEMANTIC_ACTION_REFERENCE_CARD.md,other,.md,1630
contracts/appendices/AUDIT_APPENDIX_CIEL-_SOT_Agent.md,other,.md,3327
contracts/relational_contract.yaml,other,.yaml,833
governance/AGENT.md,other,.md,1752
governance/README.md,other,.md,1101
governance/contracts/README.md,other,.md,799
governance/contracts/RELATIONAL_FORMAL_PROTOCOL.md,other,.md,3021
governance/contracts/SAPIENS_PACKET_PROTOCOL.md,other,.md,3069
governance/coordination/agentcrossinfo.md,other,.md,2672
pyproject.toml,other,.toml,2510
requirements-dev.txt,other,.txt,191
requirements.txt,other,.txt,177
setup.py,other,.py,423
snapshots/2026-03-27-v8/RECOVERY_MAIN_DIRECT_COMMIT_2026-03-27.md,other,.md,266
snapshots/2026-03-27-v8/manifest.md,other,.md,1079
src/AGENT1.md,other,.md,612
src/CIEL_Orbital_Foundation_Packk/00_INDEX (kopia).md,other,.md,1415
src/CIEL_Orbital_Foundation_Packk/00_INDEX.md,other,.md,531
src/CIEL_Orbital_Foundation_Packk/00_INDEX.yaml,other,.yaml,1236
src/CIEL_Orbital_Foundation_Packk/01_CIEL_Orbital_Master_Plan.md,other,.md,18855
src/CIEL_Orbital_Foundation_Packk/01_CIEL_Orbital_Master_Plan.yaml,other,.yaml,19197
src/CIEL_Orbital_Foundation_Packk/01_MASTER_ARCHITECTURE_AND_PLAN.md,other,.md,11215
src/CIEL_Orbital_Foundation_Packk/01_MASTER_ARCHITECTURE_AND_PLAN.yaml,other,.yaml,11292
src/CIEL_Orbital_Foundation_Packk/02_ONTOLOGY_AND_OBSERVABLES.md,other,.md,2523
src/CIEL_Orbital_Foundation_Packk/03_STATE_SPACE_AND_BOUNDARY_CONDITIONS.md,other,.md,1995
src/CIEL_Orbital_Foundation_Packk/04_INVARIANTS_POTENTIALS_AND_ATTRACTORS.md,other,.md,1861
src/CIEL_Orbital_Foundation_Packk/05_ENTITY_REGISTRY_AND_SPHERE_EMBEDDING.md,other,.md,1365
src/CIEL_Orbital_Foundation_Packk/06_SUBJECTIVE_TIME_WINDING_AND_SEMANTIC_MASS.md,other,.md,1412
src/CIEL_Orbital_Foundation_Packk/07_OORP_PIPELINE_AND_MEMORY.md,other,.md,1196
src/CIEL_Orbital_Foundation_Packk/08_GEOMETRY_ENGINE_AND_UI_SURFACE.md,other,.md,1203
src/CIEL_Orbital_Foundation_Packk/09_NATIVE_PRODUCT_ARCHITECTURE.md,other,.md,1150
src/CIEL_Orbital_Foundation_Packk/10_METRICS_VALIDATION_AND_EXPERIMENTS.md,other,.md,1245
src/CIEL_Orbital_Foundation_Packk/11_IMPLEMENTATION_PHASES_AND_WORKPACKAGES.md,other,.md,1054
src/CIEL_Orbital_Foundation_Packk/12_RISKS_OPEN_QUESTIONS_AND_DECISIONS.md,other,.md,925
src/CIEL_Orbital_Foundation_Packk/CIEL_NATIVE_SYSTEM_BLUEPRINT_v0.md,other,.md,17527
src/CIEL_Orbital_Foundation_Packk/Contract _Sapiens-AI.txt,other,.txt,5908
src/CIEL_Orbital_Foundation_Packk/System OrchORbital full draft.txt,other,.txt,59602
src/CIEL_Orbital_Foundation_Packk/relational_contract.yaml.txt,other,.txt,605
src/file_orbit_initial_registry_v2.csv,other,.csv,61344
tools/bootstrap/bootstrap_offline_dev.sh,other,.sh,1481
tools/bootstrap/bootstrap_offline_runtime.sh,other,.sh,1066
tools/core_only/bootstrap_core_only.sh,other,.sh,472
tools/core_only/install_repo_test_deps.sh,other,.sh,255
tools/core_only/run_core_smoke.sh,other,.sh,296
tools/core_only/run_repo_tests.sh,other,.sh,260
vendor/README.md,other,.md,581
vendor/manifests/offline_dependency_bundle_v1.yaml,other,.yaml,2015
vendor/wheels/dev/README.md,other,.md,405
vendor/wheels/dev/blinker-1.9.0-py3-none-any.whl,other,.whl,8458
vendor/wheels/dev/click-8.3.2-py3-none-any.whl,other,.whl,108379
vendor/wheels/dev/flask-3.1.3-py3-none-any.whl,other,.whl,103424
vendor/wheels/dev/iniconfig-2.3.0-py3-none-any.whl,other,.whl,7484
vendor/wheels/dev/itsdangerous-2.2.0-py3-none-any.whl,other,.whl,16234
vendor/wheels/dev/jinja2-3.1.6-py3-none-any.whl,other,.whl,134899
vendor/wheels/dev/librt-0.8.1-cp312-cp312-manylinux2014_x86_64.manylinux_2_17_x86_64.manylinux_2_28_x86_64.whl,other,.whl,224476
vendor/wheels/dev/markupsafe-3.0.3-cp312-cp312-manylinux2014_x86_64.manylinux_2_17_x86_64.manylinux_2_28_x86_64.whl,other,.whl,22947
vendor/wheels/dev/mypy-1.20.0-cp312-cp312-manylinux2014_x86_64.manylinux_2_17_x86_64.manylinux_2_28_x86_64.whl,other,.whl,14710363
vendor/wheels/dev/mypy_extensions-1.1.0-py3-none-any.whl,other,.whl,4963
vendor/wheels/dev/packaging-26.0-py3-none-any.whl,other,.whl,74366
vendor/wheels/dev/pathspec-1.0.4-py3-none-any.whl,other,.whl,55206
vendor/wheels/dev/pluggy-1.6.0-py3-none-any.whl,other,.whl,20538
vendor/wheels/dev/pygments-2.20.0-py3-none-any.whl,other,.whl,1231151
vendor/wheels/dev/pytest-9.0.3-py3-none-any.whl,other,.whl,375249
vendor/wheels/dev/ruff-0.15.9-py3-none-manylinux_2_17_x86_64.manylinux2014_x86_64.whl,other,.whl,11254525
vendor/wheels/dev/typing_extensions-4.15.0-py3-none-any.whl,other,.whl,44614
vendor/wheels/dev/werkzeug-3.1.8-py3-none-any.whl,other,.whl,226459
vendor/wheels/runtime/README.md,other,.md,537
vendor/wheels/runtime/numpy-2.4.4-cp312-cp312-manylinux_2_27_x86_64.manylinux_2_28_x86_64.whl,other,.whl,16645480
vendor/wheels/runtime/pyyaml-6.0.3-cp312-cp312-manylinux2014_x86_64.manylinux_2_17_x86_64.manylinux_2_28_x86_64.whl,other,.whl,807870
vendor/wheels/runtime/setuptools-82.0.1-py3-none-any.whl,other,.whl,1006223
vendor/wheels/runtime/wheel-0.46.3-py3-none-any.whl,other,.whl,30557
packaging/README.md,packaging,.md,1565
packaging/android/README.md,packaging,.md,2819
packaging/android/buildozer.spec,packaging,.spec,1010
packaging/android/main.py,packaging,.py,8581
packaging/deb/DEBIAN/conffiles,packaging,,32
packaging/deb/DEBIAN/control,packaging,,826
packaging/deb/DEBIAN/postinst,packaging,,1019
packaging/deb/DEBIAN/postrm,packaging,,900
packaging/deb/DEBIAN/prerm,packaging,,400
packaging/deb/README.md,packaging,.md,2031
packaging/deb/build_deb.sh,packaging,.sh,5726
packaging/deb/constraints.txt,packaging,.txt,621
packaging/deb/etc/ciel-sot-agent/config.yaml,packaging,.yaml,414
packaging/deb/opt/ciel-sot-agent/wheels/.gitkeep,packaging,,0
packaging/deb/usr/bin/ciel-sot-gui,packaging,,178
packaging/deb/usr/bin/ciel-sot-install-model,packaging,,197
packaging/deb/usr/lib/systemd/system/ciel-sot-gui.service,packaging,.service,334
packaging/deb/var/lib/ciel/models/.gitkeep,packaging,,0
packaging/install.bat,packaging,.bat,804
packaging/install.ps1,packaging,.ps1,6516
packaging/install.sh,packaging,.sh,6417
packaging/vendor/.gitkeep,packaging,,0
packaging/vendor/download_wheels.ps1,packaging,.ps1,2692
packaging/vendor/download_wheels.sh,packaging,.sh,2511
scripts/AGENT1.md,scripts,.md,856
scripts/README.md,scripts,.md,1960
scripts/bootstrap_audio_orbital_and_catalog.py,scripts,.py,6677
scripts/bootstrap_audio_orbital_stack.py,scripts,.py,6500
scripts/build_definition_db_library.py,scripts,.py,17471
scripts/build_nonlocal_cards_registry.py,scripts,.py,5024
scripts/build_nonlocal_definition_edges.py,scripts,.py,4884
scripts/build_orbital_definition_registry.py,scripts,.py,9230
scripts/build_subsystem_sync_registry.py,scripts,.py,6041
scripts/export_orbital_registry_to_noema.py,scripts,.py,4678
scripts/normalize_definition_registry.py,scripts,.py,2941
scripts/resolve_orbital_semantics.py,scripts,.py,21373
scripts/run_audio_orbital_probe.py,scripts,.py,1975
scripts/run_ciel_inference_surface.py,scripts,.py,637
scripts/run_ciel_local_surface.py,scripts,.py,405
scripts/run_gh_repo_coupling.py,scripts,.py,102
scripts/run_gh_repo_coupling_v2.py,scripts,.py,305
scripts/run_index_validator_v2.py,scripts,.py,309
scripts/run_orbital_bridge.py,scripts,.py,305
scripts/run_orbital_global_pass.py,scripts,.py,377
scripts/run_repo_phase_sync.cover,scripts,.cover,400
scripts/run_repo_phase_sync.py,scripts,.py,302
scripts/run_repo_sync_v2.py,scripts,.py,305
scripts/run_sapiens_panel.py,scripts,.py,1153
scripts/snapshot_audio_orbital_stack.sh,scripts,.sh,318
scripts/verify_orbital_registry_integrity.py,scripts,.py,6046
tests/AGENT1.md,tests,.md,563
tests/conftest.py,tests,.py,116
tests/fixtures/orbital_selection_relevance.json,tests,.json,1425
tests/test_braid_nonlocal_coupling.py,tests,.py,4557
tests/test_ciel_pipeline.py,tests,.py,3186
tests/test_deb_e2e.py,tests,.py,5437
tests/test_durability.py,tests,.py,17882
tests/test_gguf_comparison.py,tests,.py,14200
tests/test_gguf_manager.py,tests,.py,11101
tests/test_gh_coupling.py,tests,.py,7348
tests/test_gh_coupling_v2.py,tests,.py,5153
tests/test_gui.py,tests,.py,7510
tests/test_holonomic_normalizer.py,tests,.py,7330
tests/test_index_validator.py,tests,.py,4500
tests/test_index_validator_v2.py,tests,.py,6205
tests/test_main.py,tests,.py,1827
tests/test_orbital_object_cards.py,tests,.py,13847
tests/test_orbital_registry_verifier.py,tests,.py,3023
tests/test_orbital_runtime.py,tests,.py,5067
tests/test_orbital_semantics.py,tests,.py,3998
tests/test_packaging.py,tests,.py,13852
tests/test_phased_state.py,tests,.py,4331
tests/test_pipeline_audit.py,tests,.py,12432
tests/test_repo_phase.py,tests,.py,9033
tests/test_repository_machine_map.py,tests,.py,22610
tests/test_runtime_evidence_ingest.py,tests,.py,4379
tests/test_runtime_sync_integration.py,tests,.py,4607
tests/test_sapiens_client_packet.py,tests,.py,6921
tests/test_sapiens_panel.py,tests,.py,1413
tests/test_sapiens_panel_components.py,tests,.py,8093
tests/test_sapiens_persist_session.py,tests,.py,2156
tests/test_sapiens_surface_policy.py,tests,.py,1293
tests/test_synchronize_v2.py,tests,.py,2435
