src,dst,edge_type
ciel_omega/ciel/orbital_memory_governor.py,ciel_omega/memory/orbital_holonomy.py,import
ciel_omega/ciel/orbital_memory_loop.py,ciel_omega/orbital/global_pass.py,import
ciel_omega/ciel/orbital_memory_loop.py,ciel_omega/orbital/phase_control.py,import
ciel_omega/ciel/orbital_memory_loop.py,ciel_omega/orbital/rh_control.py,import
ciel_omega/ciel/orbital_memory_persistence.py,ciel_omega/memory/__init__.py,import
ciel_omega/ciel/orbital_memory_retrieval.py,ciel_omega/memory/orbital_holonomy.py,import
ciel_omega/ciel/orbital_sector_memory.py,ciel_omega/ciel/orbital_memory_loop.py,import
ciel_omega/ciel/orbital_sector_memory.py,ciel_omega/memory/__init__.py,import
ciel_omega/ciel/orbital_sector_memory.py,ciel_omega/ciel/orbital_memory_persistence.py,import
ciel_omega/demo_unified_euler.py,ciel_omega/unified_system.py,import
ciel_omega/memory/orbital_holonomy.py,ciel_omega/memory/base.py,import
ciel_omega/memory/orbital_holonomy.py,ciel_omega/memory/holonomy.py,import
ciel_omega/scripts/run_local_gguf_pipeline.py,ciel_omega/ciel/__init__.py,import
ciel_omega/test_llama_server_backends.py,ciel_omega/ciel/llama_server_backends.py,import
ciel_omega/test_llama_server_backends.py,ciel_omega/ciel/llm_registry.py,import
ciel_omega/test_memory_governor_and_prompt.py,ciel_omega/ciel/engine.py,import
ciel_omega/test_memory_governor_and_prompt.py,ciel_omega/ciel/memory_prompt_context.py,import
ciel_omega/test_orbital_memory_consolidation_governor.py,ciel_omega/memory/__init__.py,import
ciel_omega/test_orbital_memory_persistence.py,ciel_omega/ciel/orbital_memory_persistence.py,import
ciel_omega/test_orbital_memory_retrieval.py,ciel_omega/ciel/engine.py,import
ciel_omega/test_orbital_memory_retrieval.py,ciel_omega/ciel/orbital_memory_retrieval.py,import
ciel_omega/test_orbital_runtime_loop.py,ciel_omega/ciel/engine.py,import
ciel_omega/test_orbital_runtime_loop.py,ciel_omega/ciel/orbital_memory_loop.py,import
ciel_omega/test_orbital_runtime_loop.py,ciel_omega/orbital/global_pass.py,import
ciel_omega/test_orbital_sector_memory_integration.py,ciel_omega/ciel/engine.py,import
ciel_omega/test_orbital_sector_memory_integration.py,ciel_omega/ciel/orbital_sector_memory.py,import
ciel_omega/test_orbital_sector_memory_integration.py,ciel_omega/ciel/orbital_memory_loop.py,import
ciel_omega/test_runtime_policy_integration.py,ciel_omega/ciel/orbital_memory_loop.py,import
ciel_omega/test_runtime_policy_integration.py,ciel_omega/memory/monolith/data_types.py,import
ciel_omega/test_runtime_policy_integration.py,ciel_omega/memory/monolith/orchestrator.py,import
ciel_omega/test_runtime_policy_integration.py,ciel_omega/memory/monolith/tmp_processor.py,import
ciel_omega/unified_system.py,ciel_omega/bridge/memory_core_phase_bridge.py,import
ciel_omega/unified_system.py,ciel_omega/ciel_client.py,import
ciel_omega/unified_system.py,ciel_omega/ciel_orchestrator.py,import
